,title_name,season_number,offering_start_date,asset_run_time_hours,content_category,program_type,medal,genre,is_pay_1,hit_series,medal_number,content_category_movies,content_category_series,program_type_acquired,program_type_original,genre_action,genre_comedy,genre_drama,sig_pred,logged_pred,prediction
0,100 FOOT WAVE S2,2.0,2023-04-01,6.0,series,original,Silver,other,0,0,2.0,0,1,0,1,0,0,0,1,-4.651425007841402,0.03979069731678844
1,HER NAME WAS TAWANA,1.0,2023-11-01,5.0,series,original,Silver,other,0,0,2.0,0,1,0,1,0,0,0,1,-4.651425007841402,0.03979069731678844
2,LAST WEEK TONIGHT WITH JOHN OLIVER S10,10.0,2023-02-01,15.0,series,original,Silver,other,0,0,2.0,0,1,0,1,0,0,0,1,-4.651425007841402,0.03979069731678844
3,THE YOGURT SHOP MURDERS,1.0,2024-09-01,4.0,series,original,Silver,other,0,0,2.0,0,1,0,1,0,0,0,1,-4.651425007841402,0.03979069731678844
4,ANGEL CITY,1.0,2023-05-01,3.0,series,original,Silver,other,0,0,2.0,0,1,0,1,0,0,0,1,-4.651425007841402,0.03979069731678844
5,THE TELEMARKETERS,1.0,2023-08-01,3.0,series,original,Silver,other,0,0,2.0,0,1,0,1,0,0,0,1,-4.651425007841402,0.03979069731678844
6,BLOOD IN THE GARDEN,1.0,2026-05-01,9.0,series,original,Silver,other,0,0,2.0,0,1,0,1,0,0,0,1,-4.651425007841402,0.03979069731678844
7,LAST WEEK TONIGHT WITH JOHN OLIVER S11,11.0,2024-02-01,15.0,series,original,Silver,other,0,0,2.0,0,1,0,1,0,0,0,1,-4.651425007841402,0.03979069731678844
8,LAST WEEK TONIGHT WITH JOHN OLIVER S12,12.0,2025-02-01,15.0,series,original,Silver,other,0,0,2.0,0,1,0,1,0,0,0,1,-4.651425007841402,0.03979069731678844
9,LOVE HAS WON,1.0,2023-09-01,3.0,series,original,Silver,other,0,0,2.0,0,1,0,1,0,0,0,1,-4.651425007841402,0.03979069731678844
10,MONSTERS OF GOD,1.0,2024-03-01,6.0,series,original,Silver,other,0,0,2.0,0,1,0,1,0,0,0,1,-4.651425007841402,0.03979069731678844
11,LAST WEEK TONIGHT WITH JOHN OLIVER S13,13.0,2026-02-01,15.0,series,original,Silver,other,0,0,2.0,0,1,0,1,0,0,0,1,-4.651425007841402,0.03979069731678844
12,THE CLIMB S1,1.0,2023-01-01,8.0,series,original,Silver,other,0,0,2.0,0,1,0,1,0,0,0,1,-4.651425007841402,0.03979069731678844
13,BREATH OF FIRE,1.0,2025-03-01,3.0,series,original,Silver,other,0,0,2.0,0,1,0,1,0,0,0,1,-4.651425007841402,0.03979069731678844
14,TBD SESAME SPECIAL '23 #1,1.0,2024-08-01,0.5,series,original,Silver,other,0,0,2.0,0,1,0,1,0,0,0,1,-4.651425007841402,0.03979069731678844
15,TBD SESAME SPECIAL '23 #2,1.0,2024-10-01,0.5,series,original,Silver,other,0,0,2.0,0,1,0,1,0,0,0,1,-4.651425007841402,0.03979069731678844
16,TBD SESAME SPECIAL '23 #3,1.0,2024-12-01,0.5,series,original,Silver,other,0,0,2.0,0,1,0,1,0,0,0,1,-4.651425007841402,0.03979069731678844
17,LOONEY TUNES SEASON -1_I,1.0,2023-04-01,2.25,series,original,Silver,other,0,0,2.0,0,1,0,1,0,0,0,1,-4.651425007841402,0.03979069731678844
18,Prisoner of the Prophet (Escaping FLDS (Apostate)),1.0,2023-01-01,4.5,series,acquired,Silver,other,0,0,2.0,0,1,1,0,0,0,0,1,-4.24798175247053,0.052629600267268636
19,American Masters/PBS Library,1.0,2024-01-01,4.5,series,acquired,Silver,other,0,0,2.0,0,1,1,0,0,0,0,1,-4.24798175247053,0.052629600267268636
20,January 6th (Insurrection Day),1.0,2023-01-01,4.5,series,acquired,Silver,other,0,0,2.0,0,1,1,0,0,0,0,1,-4.24798175247053,0.052629600267268636
21,A&E Year 3 + 4 - Unscripted Catalog,3.0,2023-01-01,5.7380434782608685,series,acquired,Silver,other,0,0,2.0,0,1,1,0,0,0,0,1,-4.24798175247053,0.052629600267268636
22,"Teen Torture, Inc",1.0,2024-01-01,5.6,series,acquired,Silver,other,0,0,2.0,0,1,1,0,0,0,0,1,-4.24798175247053,0.052629600267268636
23,Coming From America D+,1.0,2024-01-01,5.6,series,acquired,Silver,other,0,0,2.0,0,1,1,0,0,0,0,1,-4.24798175247053,0.052629600267268636
24,Love off the Grid S2,2.0,2024-01-01,5.6,series,acquired,Silver,other,0,0,2.0,0,1,1,0,0,0,0,1,-4.24798175247053,0.052629600267268636
25,"My Grandfather, The Zodiac Killer",1.0,2024-01-01,4.5,series,acquired,Silver,other,0,0,2.0,0,1,1,0,0,0,0,1,-4.24798175247053,0.052629600267268636
26,Beat The Meat,1.0,2024-01-01,5.6,series,acquired,Silver,other,0,0,2.0,0,1,1,0,0,0,0,1,-4.24798175247053,0.052629600267268636
27,What Are You Eating? (Your Foods Roots with Zooey Deschanel),1.0,2024-01-01,5.6,series,acquired,Silver,other,0,0,2.0,0,1,1,0,0,0,0,1,-4.24798175247053,0.052629600267268636
28,Kendra Sells Hollywood S2,2.0,2024-01-01,5.6,series,acquired,Silver,other,0,0,2.0,0,1,1,0,0,0,0,1,-4.24798175247053,0.052629600267268636
29,Shaun White: Born To Fly,1.0,2024-01-01,4.5,series,acquired,Silver,other,0,0,2.0,0,1,1,0,0,0,0,1,-4.24798175247053,0.052629600267268636
30,How To Create A Sex Scandal (wt),1.0,2024-01-01,5.6,series,acquired,Silver,other,0,0,2.0,0,1,1,0,0,0,0,1,-4.24798175247053,0.052629600267268636
31,Selling the Hamptons S2,2.0,2024-01-01,5.6,series,acquired,Silver,other,0,0,2.0,0,1,1,0,0,0,0,1,-4.24798175247053,0.052629600267268636
32,Taking Back The House,1.0,2023-06-01,5.6,series,acquired,Silver,other,0,0,2.0,0,1,1,0,0,0,0,1,-4.24798175247053,0.052629600267268636
33,Smartless,1.0,2024-01-01,5.6,series,acquired,Silver,other,0,0,2.0,0,1,1,0,0,0,0,1,-4.24798175247053,0.052629600267268636
34,Chasing Flavor (Off the Eaten Path With Carla Hall),1.0,2024-01-01,5.6,series,acquired,Silver,other,0,0,2.0,0,1,1,0,0,0,0,1,-4.24798175247053,0.052629600267268636
35,Serving The Hamptons - S2,2.0,2024-01-01,5.6,series,acquired,Silver,other,0,0,2.0,0,1,1,0,0,0,0,1,-4.24798175247053,0.052629600267268636
36,Robert Downey Jr's Dream Cars,1.0,2024-01-01,5.6,series,acquired,Silver,other,0,0,2.0,0,1,1,0,0,0,0,1,-4.24798175247053,0.052629600267268636
37,Mostly Harmless (wt),1.0,2024-01-01,5.6,series,acquired,Silver,other,0,0,2.0,0,1,1,0,0,0,0,1,-4.24798175247053,0.052629600267268636
38,Turn Yourself In,1.0,2024-01-01,5.6,series,acquired,Silver,other,0,0,2.0,0,1,1,0,0,0,0,1,-4.24798175247053,0.052629600267268636
39,Won't Be Silent,1.0,2024-01-01,5.6,series,acquired,Silver,other,0,0,2.0,0,1,1,0,0,0,0,1,-4.24798175247053,0.052629600267268636
40,Thirst,1.0,2024-01-01,5.6,series,acquired,Silver,other,0,0,2.0,0,1,1,0,0,0,0,1,-4.24798175247053,0.052629600267268636
41,Man Who Played with Fire,1.0,2024-01-01,5.6,series,acquired,Silver,other,0,0,2.0,0,1,1,0,0,0,0,1,-4.24798175247053,0.052629600267268636
42,On the Roam with Jason Momoa,1.0,2024-01-01,5.6,series,acquired,Silver,other,0,0,2.0,0,1,1,0,0,0,0,1,-4.24798175247053,0.052629600267268636
43,American Aryans,1.0,2024-01-01,4.5,series,acquired,Silver,other,0,0,2.0,0,1,1,0,0,0,0,1,-4.24798175247053,0.052629600267268636
44,Kings of XTC,1.0,2024-01-01,5.6,series,acquired,Silver,other,0,0,2.0,0,1,1,0,0,0,0,1,-4.24798175247053,0.052629600267268636
45,Justice USA,1.0,2024-01-01,5.6,series,acquired,Silver,other,0,0,2.0,0,1,1,0,0,0,0,1,-4.24798175247053,0.052629600267268636
46,BBC Titles + Library,1.0,2024-01-01,5.6,series,acquired,Silver,other,0,0,2.0,0,1,1,0,0,0,0,1,-4.24798175247053,0.052629600267268636
47,RAMY YOUSSEF SPECIAL,,2023-11-01,1.0,movies,original,Silver,other,0,0,2.0,1,0,0,1,0,0,0,1,-4.936332239314314,0.0326599809739859
48,SEEN & HEARD,,2024-05-01,3.0,movies,original,Silver,other,0,0,2.0,1,0,0,1,0,0,0,1,-4.936332239314314,0.0326599809739859
49,WORST KEPT SECRET,,2024-06-01,1.5,movies,original,Silver,other,0,0,2.0,1,0,0,1,0,0,0,1,-4.936332239314314,0.0326599809739859
50,SARAH SILVERMAN SPECIAL,,2023-05-01,1.0,movies,original,Silver,other,0,0,2.0,1,0,0,1,0,0,0,1,-4.936332239314314,0.0326599809739859
51,GOLDEN BOY: OSCAR DE LA HOYA PROJECT,,2023-07-01,3.0,movies,original,Silver,other,0,0,2.0,1,0,0,1,0,0,0,1,-4.936332239314314,0.0326599809739859
52,2024 TBD SPECIALS,,2024-05-01,17.0,movies,original,Silver,other,0,0,2.0,1,0,0,1,0,0,0,1,-4.936332239314314,0.0326599809739859
53,"LOVE TO LOVE YOU, DONNA SUMMER",,2023-05-01,2.0,movies,original,Silver,other,0,0,2.0,1,0,0,1,0,0,0,1,-4.936332239314314,0.0326599809739859
54,MOONAGE DAYDREAM,,2023-04-01,2.0,movies,original,Silver,other,0,0,2.0,1,0,0,1,0,0,0,1,-4.936332239314314,0.0326599809739859
55,THE RINGLEADER,,2023-09-01,1.5,movies,original,Silver,other,0,0,2.0,1,0,0,1,0,0,0,1,-4.936332239314314,0.0326599809739859
56,SANDY HOOK PARENTS V. ALEX JONES,,2024-03-01,1.5,movies,original,Silver,other,0,0,2.0,1,0,0,1,0,0,0,1,-4.936332239314314,0.0326599809739859
57,JERROD CARMICHAEL SPECIAL,,2023-05-01,1.0,movies,original,Silver,other,0,0,2.0,1,0,0,1,0,0,0,1,-4.936332239314314,0.0326599809739859
58,PEE-WEE: I KNOW YOU ARE BUT WHAT AM I?,,2026-02-01,3.0,movies,original,Silver,other,0,0,2.0,1,0,0,1,0,0,0,1,-4.936332239314314,0.0326599809739859
59,A DARK ROOM IN GLITTER BALL CITY,,2025-04-01,1.5,movies,original,Silver,other,0,0,2.0,1,0,0,1,0,0,0,1,-4.936332239314314,0.0326599809739859
60,FAYE,,2024-12-01,1.5,movies,original,Silver,other,0,0,2.0,1,0,0,1,0,0,0,1,-4.936332239314314,0.0326599809739859
61,LAST CALL,,2023-07-01,4.0,movies,original,Silver,other,0,0,2.0,1,0,0,1,0,0,0,1,-4.936332239314314,0.0326599809739859
62,"MOVIE PASS, MOVIE CRASH",,2024-09-01,1.5,movies,original,Silver,other,0,0,2.0,1,0,0,1,0,0,0,1,-4.936332239314314,0.0326599809739859
63,PHILADELPHIA MUSIC PROJECT,,2024-05-01,1.5,movies,original,Silver,other,0,0,2.0,1,0,0,1,0,0,0,1,-4.936332239314314,0.0326599809739859
64,BRENT RENAUD PROJECT,,2025-07-01,1.5,movies,original,Silver,other,0,0,2.0,1,0,0,1,0,0,0,1,-4.936332239314314,0.0326599809739859
65,THE BRADY BUNCH PROJECT,,2025-10-01,1.5,movies,original,Silver,other,0,0,2.0,1,0,0,1,0,0,0,1,-4.936332239314314,0.0326599809739859
66,THE INSURRECTIONISTS,,2024-01-01,1.5,movies,original,Silver,other,0,0,2.0,1,0,0,1,0,0,0,1,-4.936332239314314,0.0326599809739859
67,QUAD GODS,,2025-02-01,1.5,movies,original,Silver,other,0,0,2.0,1,0,0,1,0,0,0,1,-4.936332239314314,0.0326599809739859
68,ZUCKER HILLSIDE THERAPY PROJECT,,2024-03-01,1.5,movies,original,Silver,other,0,0,2.0,1,0,0,1,0,0,0,1,-4.936332239314314,0.0326599809739859
69,BEING MARY TYLER MOORE,,2023-05-01,2.0,movies,original,Silver,other,0,0,2.0,1,0,0,1,0,0,0,1,-4.936332239314314,0.0326599809739859
70,THE CASE AGAINST ADNAN SYED FOLLOW-UP,,2023-09-01,1.5,movies,original,Silver,other,0,0,2.0,1,0,0,1,0,0,0,1,-4.936332239314314,0.0326599809739859
71,TELENOVELAS,,2025-10-01,1.5,movies,original,Silver,other,0,0,2.0,1,0,0,1,0,0,0,1,-4.936332239314314,0.0326599809739859
72,THOUGHTS AND PRAYERS,,2025-06-01,1.5,movies,original,Silver,other,0,0,2.0,1,0,0,1,0,0,0,1,-4.936332239314314,0.0326599809739859
73,2023 TBD SERIES,,2023-07-01,6.0,movies,original,Silver,other,0,0,2.0,1,0,0,1,0,0,0,1,-4.936332239314314,0.0326599809739859
74,NIKKI GLASER SPECIAL,,2024-07-01,1.0,movies,original,Silver,other,0,0,2.0,1,0,0,1,0,0,0,1,-4.936332239314314,0.0326599809739859
75,TBD DOC A,,2026-01-01,3.5,movies,original,Silver,other,0,0,2.0,1,0,0,1,0,0,0,1,-4.936332239314314,0.0326599809739859
76,DOCU TBD 1,,2024-04-01,1.5,movies,original,Silver,other,0,0,2.0,1,0,0,1,0,0,0,1,-4.936332239314314,0.0326599809739859
77,DOCU TBD 1,,2024-04-01,1.5,movies,original,Silver,other,0,0,2.0,1,0,0,1,0,0,0,1,-4.936332239314314,0.0326599809739859
78,BRANDY HELLVILLE,,2025-01-01,1.5,movies,original,Silver,other,0,0,2.0,1,0,0,1,0,0,0,1,-4.936332239314314,0.0326599809739859
79,Fox Pay-1 Film,,2024-06-01,2.390625,movies,acquired,Silver,other,1,0,2.0,1,0,1,0,0,0,0,1,-4.173055385000897,0.05543514087847237
80,Fox Pay-1 Film,,2024-08-01,2.390625,movies,acquired,Silver,other,1,0,2.0,1,0,1,0,0,0,0,1,-4.173055385000897,0.05543514087847237
81,Fox Pay-1 Film,,2024-10-01,2.390625,movies,acquired,Silver,other,1,0,2.0,1,0,1,0,0,0,0,1,-4.173055385000897,0.05543514087847237
82,Fox Pay-1 Film,,2024-12-01,2.390625,movies,acquired,Silver,other,1,0,2.0,1,0,1,0,0,0,0,1,-4.173055385000897,0.05543514087847237
83,Fox Pay-1 Film,,2025-02-01,2.390625,movies,acquired,Silver,other,1,0,2.0,1,0,1,0,0,0,0,1,-4.173055385000897,0.05543514087847237
84,Fox Pay-1 Film,,2025-04-01,2.390625,movies,acquired,Silver,other,1,0,2.0,1,0,1,0,0,0,0,1,-4.173055385000897,0.05543514087847237
85,Fox Pay-1 Film,,2025-06-01,2.390625,movies,acquired,Silver,other,1,0,2.0,1,0,1,0,0,0,0,1,-4.173055385000897,0.05543514087847237
86,Fox Pay-1 Film,,2025-08-01,2.390625,movies,acquired,Silver,other,1,0,2.0,1,0,1,0,0,0,0,1,-4.173055385000897,0.05543514087847237
87,Fox Pay-1 Film,,2025-10-01,2.390625,movies,acquired,Silver,other,1,0,2.0,1,0,1,0,0,0,0,1,-4.173055385000897,0.05543514087847237
88,Fox Pay-1 Film,,2025-12-01,2.390625,movies,acquired,Silver,other,1,0,2.0,1,0,1,0,0,0,0,1,-4.173055385000897,0.05543514087847237
89,Fox Pay-1 Film,,2026-02-01,2.390625,movies,acquired,Silver,other,1,0,2.0,1,0,1,0,0,0,0,1,-4.173055385000897,0.05543514087847237
90,Fox Pay-1 Film,,2026-04-01,2.390625,movies,acquired,Silver,other,1,0,2.0,1,0,1,0,0,0,0,1,-4.173055385000897,0.05543514087847237
91,Lionsgate Pay-1 Film,,2024-05-01,2.390625,movies,acquired,Silver,other,1,0,2.0,1,0,1,0,0,0,0,1,-4.173055385000897,0.05543514087847237
92,Lionsgate Pay-1 Film,,2024-07-01,2.390625,movies,acquired,Silver,other,1,0,2.0,1,0,1,0,0,0,0,1,-4.173055385000897,0.05543514087847237
93,Lionsgate Pay-1 Film,,2024-09-01,2.390625,movies,acquired,Silver,other,1,0,2.0,1,0,1,0,0,0,0,1,-4.173055385000897,0.05543514087847237
94,Lionsgate Pay-1 Film,,2024-11-01,2.390625,movies,acquired,Silver,other,1,0,2.0,1,0,1,0,0,0,0,1,-4.173055385000897,0.05543514087847237
95,Lionsgate Pay-1 Film,,2025-01-01,2.390625,movies,acquired,Silver,other,1,0,2.0,1,0,1,0,0,0,0,1,-4.173055385000897,0.05543514087847237
96,Lionsgate Pay-1 Film,,2025-03-01,2.390625,movies,acquired,Silver,other,1,0,2.0,1,0,1,0,0,0,0,1,-4.173055385000897,0.05543514087847237
97,Lionsgate Pay-1 Film,,2025-05-01,2.390625,movies,acquired,Silver,other,1,0,2.0,1,0,1,0,0,0,0,1,-4.173055385000897,0.05543514087847237
98,Lionsgate Pay-1 Film,,2025-07-01,2.390625,movies,acquired,Silver,other,1,0,2.0,1,0,1,0,0,0,0,1,-4.173055385000897,0.05543514087847237
99,Lionsgate Pay-1 Film,,2025-09-01,2.390625,movies,acquired,Silver,other,1,0,2.0,1,0,1,0,0,0,0,1,-4.173055385000897,0.05543514087847237
100,Lionsgate Pay-1 Film,,2025-11-01,2.390625,movies,acquired,Silver,other,1,0,2.0,1,0,1,0,0,0,0,1,-4.173055385000897,0.05543514087847237
101,Lionsgate Pay-1 Film,,2026-01-01,2.390625,movies,acquired,Silver,other,1,0,2.0,1,0,1,0,0,0,0,1,-4.173055385000897,0.05543514087847237
102,Lionsgate Pay-1 Film,,2026-03-01,2.390625,movies,acquired,Silver,other,1,0,2.0,1,0,1,0,0,0,0,1,-4.173055385000897,0.05543514087847237
103,A24 Pay-1 Film,,2024-05-01,2.390625,movies,acquired,Silver,other,1,0,2.0,1,0,1,0,0,0,0,1,-4.173055385000897,0.05543514087847237
104,A24 Pay-1 Film,,2024-06-01,2.390625,movies,acquired,Silver,other,1,0,2.0,1,0,1,0,0,0,0,1,-4.173055385000897,0.05543514087847237
105,A24 Pay-1 Film,,2024-07-01,2.390625,movies,acquired,Silver,other,1,0,2.0,1,0,1,0,0,0,0,1,-4.173055385000897,0.05543514087847237
106,A24 Pay-1 Film,,2024-09-01,2.390625,movies,acquired,Silver,other,1,0,2.0,1,0,1,0,0,0,0,1,-4.173055385000897,0.05543514087847237
107,A24 Pay-1 Film,,2024-10-01,2.390625,movies,acquired,Silver,other,1,0,2.0,1,0,1,0,0,0,0,1,-4.173055385000897,0.05543514087847237
108,A24 Pay-1 Film,,2024-11-01,2.390625,movies,acquired,Silver,other,1,0,2.0,1,0,1,0,0,0,0,1,-4.173055385000897,0.05543514087847237
109,A24 Pay-1 Film,,2025-01-01,2.390625,movies,acquired,Silver,other,1,0,2.0,1,0,1,0,0,0,0,1,-4.173055385000897,0.05543514087847237
110,A24 Pay-1 Film,,2025-02-01,2.390625,movies,acquired,Silver,other,1,0,2.0,1,0,1,0,0,0,0,1,-4.173055385000897,0.05543514087847237
111,A24 Pay-1 Film,,2025-05-01,2.390625,movies,acquired,Silver,other,1,0,2.0,1,0,1,0,0,0,0,1,-4.173055385000897,0.05543514087847237
112,A24 Pay-1 Film,,2025-06-01,2.390625,movies,acquired,Silver,other,1,0,2.0,1,0,1,0,0,0,0,1,-4.173055385000897,0.05543514087847237
113,A24 Pay-1 Film,,2025-07-01,2.390625,movies,acquired,Silver,other,1,0,2.0,1,0,1,0,0,0,0,1,-4.173055385000897,0.05543514087847237
114,A24 Pay-1 Film,,2025-09-01,2.390625,movies,acquired,Silver,other,1,0,2.0,1,0,1,0,0,0,0,1,-4.173055385000897,0.05543514087847237
115,A24 Pay-1 Film,,2025-10-01,2.390625,movies,acquired,Silver,other,1,0,2.0,1,0,1,0,0,0,0,1,-4.173055385000897,0.05543514087847237
116,A24 Pay-1 Film,,2025-11-01,2.390625,movies,acquired,Silver,other,1,0,2.0,1,0,1,0,0,0,0,1,-4.173055385000897,0.05543514087847237
117,A24 Pay-1 Film,,2026-01-01,2.390625,movies,acquired,Silver,other,1,0,2.0,1,0,1,0,0,0,0,1,-4.173055385000897,0.05543514087847237
118,A24 Pay-1 Film,,2026-02-01,2.390625,movies,acquired,Silver,other,1,0,2.0,1,0,1,0,0,0,0,1,-4.173055385000897,0.05543514087847237
119,A24 Pay-1 Film,,2026-05-01,2.390625,movies,acquired,Silver,other,1,0,2.0,1,0,1,0,0,0,0,1,-4.173055385000897,0.05543514087847237
120,A24 Pay-1 Film,,2026-06-01,2.390625,movies,acquired,Silver,other,1,0,2.0,1,0,1,0,0,0,0,1,-4.173055385000897,0.05543514087847237
121,A24 Pay-1 Film,,2026-07-01,2.390625,movies,acquired,Silver,other,1,0,2.0,1,0,1,0,0,0,0,1,-4.173055385000897,0.05543514087847237
122,A24 Pay-1 Film,,2026-09-01,2.390625,movies,acquired,Silver,other,1,0,2.0,1,0,1,0,0,0,0,1,-4.173055385000897,0.05543514087847237
123,A24 Pay-1 Film,,2026-10-01,2.390625,movies,acquired,Silver,other,1,0,2.0,1,0,1,0,0,0,0,1,-4.173055385000897,0.05543514087847237
124,A24 Pay-1 Film,,2026-11-01,2.390625,movies,acquired,Silver,other,1,0,2.0,1,0,1,0,0,0,0,1,-4.173055385000897,0.05543514087847237
125,A24 Pay-1 Film,,2027-01-01,2.390625,movies,acquired,Silver,other,1,0,2.0,1,0,1,0,0,0,0,1,-4.173055385000897,0.05543514087847237
126,A24 Pay-1 Film,,2027-02-01,2.390625,movies,acquired,Silver,other,1,0,2.0,1,0,1,0,0,0,0,1,-4.173055385000897,0.05543514087847237
127,THE IDOL S1,1.0,2023-06-01,5.0,series,original,Gold,drama,0,0,1.0,0,1,0,1,0,0,1,1,-3.842367307172603,0.06971595584749796
128,WHITE HOUSE PLUMBERS,1.0,2023-05-01,5.0,series,original,Gold,drama,0,0,1.0,0,1,0,1,0,0,1,1,-3.842367307172603,0.06971595584749796
129,SUCCESSION S4,4.0,2023-03-01,10.0,series,original,Gold,drama,0,0,1.0,0,1,0,1,0,0,1,1,-3.842367307172603,0.06971595584749796
130,THE GILDED AGE S2,2.0,2023-09-01,8.0,series,original,Gold,drama,0,0,1.0,0,1,0,1,0,0,1,1,-3.842367307172603,0.06971595584749796
131,WINNING TIME S2,2.0,2023-08-01,7.0,series,original,Gold,drama,0,0,1.0,0,1,0,1,0,0,1,1,-3.842367307172603,0.06971595584749796
132,TRUE DETECTIVE S4,4.0,2023-11-01,6.0,series,original,Gold,drama,0,0,1.0,0,1,0,1,0,0,1,1,-3.842367307172603,0.06971595584749796
133,THE PALACE,1.0,2023-11-01,6.0,series,original,Gold,drama,0,0,1.0,0,1,0,1,0,0,1,1,-3.842367307172603,0.06971595584749796
134,THE SYMPATHIZER,1.0,2024-01-01,7.0,series,original,Gold,drama,0,0,1.0,0,1,0,1,0,0,1,1,-3.842367307172603,0.06971595584749796
135,AREA WEATHERMAN CHARGED WITH MURDER,1.0,2025-09-01,7.0,series,original,Gold,drama,0,0,1.0,0,1,0,1,0,0,1,1,-3.842367307172603,0.06971595584749796
136,THE IDOL S2,2.0,2025-08-01,6.0,series,original,Gold,drama,0,0,1.0,0,1,0,1,0,0,1,1,-3.842367307172603,0.06971595584749796
137,THE WHITE LOTUS S3,3.0,2024-08-01,7.0,series,original,Gold,drama,0,0,1.0,0,1,0,1,0,0,1,1,-3.842367307172603,0.06971595584749796
138,THE WHITE LOTUS S4 / TBD,4.0,2025-11-01,6.0,series,original,Gold,drama,0,0,1.0,0,1,0,1,0,0,1,1,-3.842367307172603,0.06971595584749796
139,TASK FORCE,1.0,2024-11-01,7.0,series,original,Gold,drama,0,0,1.0,0,1,0,1,0,0,1,1,-3.842367307172603,0.06971595584749796
140,2026 TBD LIMITED SERIES B,1.0,2026-04-01,6.0,series,original,Gold,drama,0,0,1.0,0,1,0,1,0,0,1,1,-3.842367307172603,0.06971595584749796
141,2026 TBD HOUR B S1,1.0,2026-08-01,8.0,series,original,Gold,drama,0,0,1.0,0,1,0,1,0,0,1,1,-3.842367307172603,0.06971595584749796
142,LOVE & DEATH (LS),1.0,2023-04-01,7.0,series,original,Gold,drama,0,0,1.0,0,1,0,1,0,0,1,1,-3.842367307172603,0.06971595584749796
143,MORE S1 / TBD,1.0,2024-12-01,8.0,series,original,Gold,drama,0,0,1.0,0,1,0,1,0,0,1,1,-3.842367307172603,0.06971595584749796
144,SISTERHOOD OF DUNE S1,1.0,2025-06-01,8.0,series,original,Gold,drama,0,0,1.0,0,1,0,1,0,0,1,1,-3.842367307172603,0.06971595584749796
145,IT: WELCOME TO DERRY S1,1.0,2024-09-01,9.0,series,original,Gold,drama,0,0,1.0,0,1,0,1,0,0,1,1,-3.842367307172603,0.06971595584749796
146,DUSTER S1,1.0,2024-08-01,8.0,series,original,Gold,drama,0,0,1.0,0,1,0,1,0,0,1,1,-3.842367307172603,0.06971595584749796
147,ER S1,1.0,2024-11-01,10.0,series,original,Gold,drama,0,0,1.0,0,1,0,1,0,0,1,1,-3.842367307172603,0.06971595584749796
148,MORE S2 / TBD,2.0,2026-02-01,8.0,series,original,Gold,drama,0,0,1.0,0,1,0,1,0,0,1,1,-3.842367307172603,0.06971595584749796
149,TBD DRAMA C S1 '26,1.0,2026-09-01,8.0,series,original,Gold,drama,0,0,1.0,0,1,0,1,0,0,1,1,-3.842367307172603,0.06971595584749796
150,TBD DRAMA D S1 '26,1.0,2026-12-01,8.0,series,original,Gold,drama,0,0,1.0,0,1,0,1,0,0,1,1,-3.842367307172603,0.06971595584749796
151,THE LAST OF US S1,1.0,2023-01-01,9.5,series,original,Platinum,drama,0,1,0.0,0,1,0,1,0,0,1,1,-2.530290847186021,0.1731037822895373
152,EUPHORIA S3,3.0,2025-01-01,8.0,series,original,Platinum,drama,0,1,0.0,0,1,0,1,0,0,1,1,-2.530290847186021,0.1731037822895373
153,DUNK & EGG S1,1.0,2025-04-01,6.0,series,original,Platinum,drama,0,0,0.0,0,1,0,1,0,0,1,1,-2.627295349986611,0.1618472379349105
154,HOUSE OF THE DRAGON S2,2.0,2024-06-01,8.0,series,original,Platinum,drama,0,1,0.0,0,1,0,1,0,0,1,1,-2.530290847186021,0.1731037822895373
155,THE LAST OF US S2,2.0,2025-03-01,7.0,series,original,Platinum,drama,0,1,0.0,0,1,0,1,0,0,1,1,-2.530290847186021,0.1731037822895373
156,DUNK & EGG S2 / TBD,2.0,2026-11-01,6.0,series,original,Platinum,drama,0,0,0.0,0,1,0,1,0,0,1,1,-2.627295349986611,0.1618472379349105
157,EUPHORIA S4 / TBD,4.0,2026-10-01,8.0,series,original,Platinum,drama,0,1,0.0,0,1,0,1,0,0,1,1,-2.530290847186021,0.1731037822895373
158,2025 TBD HOUR S1,1.0,2025-06-01,10.0,series,original,Platinum,drama,0,0,0.0,0,1,0,1,0,0,1,1,-2.627295349986611,0.1618472379349105
159,HOUSE OF THE DRAGON S3,3.0,2026-05-01,10.0,series,original,Platinum,drama,0,1,0.0,0,1,0,1,0,0,1,1,-2.530290847186021,0.1731037822895373
160,2026 TBD LIMITED SERIES A,1.0,2026-01-01,8.0,series,original,Platinum,drama,0,0,0.0,0,1,0,1,0,0,1,1,-2.627295349986611,0.1618472379349105
161,2026 TBD HOUR A S1,1.0,2026-03-01,8.0,series,original,Platinum,drama,0,0,0.0,0,1,0,1,0,0,1,1,-2.627295349986611,0.1618472379349105
162,THE PENGUIN (LS),1.0,2024-03-01,8.0,series,original,Platinum,drama,0,0,0.0,0,1,0,1,0,0,1,1,-2.627295349986611,0.1618472379349105
163,LANTERNS S1,1.0,2025-07-01,8.0,series,original,Platinum,drama,0,0,0.0,0,1,0,1,0,0,1,1,-2.627295349986611,0.1618472379349105
164,WALLER (LS),1.0,2025-03-01,8.0,series,original,Platinum,drama,0,0,0.0,0,1,0,1,0,0,1,1,-2.627295349986611,0.1618472379349105
165,TBD DRAMA S1 '25,1.0,2025-05-01,8.0,series,original,Platinum,drama,0,0,0.0,0,1,0,1,0,0,1,1,-2.627295349986611,0.1618472379349105
166,HARRY POTTER SERIES S1 / TBD,1.0,2025-11-01,8.0,series,original,Platinum,drama,0,0,0.0,0,1,0,1,0,0,1,1,-2.627295349986611,0.1618472379349105
167,"THE JINX, PART TWO",2.0,2023-10-01,6.5,series,original,Gold,other,0,0,1.0,0,1,0,1,0,0,0,1,-3.71300547105975,0.07625599270970469
168,CELTICS PROJECT,1.0,2024-09-01,9.0,series,original,Gold,other,0,0,1.0,0,1,0,1,0,0,0,1,-3.71300547105975,0.07625599270970469
169,THE PALLADINO FILES,1.0,2025-01-01,6.0,series,original,Gold,other,0,0,1.0,0,1,0,1,0,0,0,1,-3.71300547105975,0.07625599270970469
170,TBD NEWS/TALK SERIES S1,1.0,2024-07-01,4.0,series,original,Gold,other,0,0,1.0,0,1,0,1,0,0,0,1,-3.71300547105975,0.07625599270970469
171,TBD NEWS/TALK SERIES S2,2.0,2025-07-01,4.0,series,original,Gold,other,0,0,1.0,0,1,0,1,0,0,0,1,-3.71300547105975,0.07625599270970469
172,TBD NEWS/TALK SERIES S3,3.0,2026-07-01,4.0,series,original,Gold,other,0,0,1.0,0,1,0,1,0,0,0,1,-3.71300547105975,0.07625599270970469
173,TOM & JERRY TIME - S1A,1.0,2024-09-01,1.6666666669999999,series,original,Gold,other,0,0,1.0,0,1,0,1,0,0,0,1,-3.71300547105975,0.07625599270970469
174,TOM & JERRY TIME - S1B,1.0,2024-09-01,1.6666666669999999,series,original,Gold,other,0,0,1.0,0,1,0,1,0,0,0,1,-3.71300547105975,0.07625599270970469
175,TOM & JERRY TIME - S1C,1.0,2024-09-01,2.0,series,original,Gold,other,0,0,1.0,0,1,0,1,0,0,0,1,-3.71300547105975,0.07625599270970469
176,Gold Concurrent 2023,2.0,2023-01-01,5.432367149768121,series,acquired,Gold,other,0,0,1.0,0,1,1,0,0,0,0,1,-3.3095622156888775,0.10086082137098448
177,Gold Concurrent 2023,2.0,2023-02-01,5.432367149768121,series,acquired,Gold,other,0,0,1.0,0,1,1,0,0,0,0,1,-3.3095622156888775,0.10086082137098448
178,Gold Concurrent 2023,2.0,2023-04-01,5.432367149768121,series,acquired,Gold,other,0,0,1.0,0,1,1,0,0,0,0,1,-3.3095622156888775,0.10086082137098448
179,Gold Concurrent 2023,1.0,2023-08-01,5.432367149768121,series,acquired,Gold,other,0,0,1.0,0,1,1,0,0,0,0,1,-3.3095622156888775,0.10086082137098448
180,Gold Concurrent 2023,2.0,2023-09-01,5.432367149768121,series,acquired,Gold,other,0,0,1.0,0,1,1,0,0,0,0,1,-3.3095622156888775,0.10086082137098448
181,Gold Concurrent 2023,2.0,2023-10-01,5.432367149768121,series,acquired,Gold,other,0,0,1.0,0,1,1,0,0,0,0,1,-3.3095622156888775,0.10086082137098448
182,Gold Concurrent 2023,2.0,2023-12-01,5.432367149768121,series,acquired,Gold,other,0,0,1.0,0,1,1,0,0,0,0,1,-3.3095622156888775,0.10086082137098448
183,Gold Concurrent 2023,1.0,2023-08-01,5.432367149768121,series,acquired,Gold,other,0,0,1.0,0,1,1,0,0,0,0,1,-3.3095622156888775,0.10086082137098448
184,Gold Concurrent 2023,2.0,2023-09-01,5.432367149768121,series,acquired,Gold,other,0,0,1.0,0,1,1,0,0,0,0,1,-3.3095622156888775,0.10086082137098448
185,Gold Concurrent 2023,2.0,2023-10-01,5.432367149768121,series,acquired,Gold,other,0,0,1.0,0,1,1,0,0,0,0,1,-3.3095622156888775,0.10086082137098448
186,Gold Concurrent 2024,1.0,2024-01-01,5.432367149768121,series,acquired,Gold,other,0,0,1.0,0,1,1,0,0,0,0,1,-3.3095622156888775,0.10086082137098448
187,Gold Concurrent 2024,2.0,2024-02-01,5.432367149768121,series,acquired,Gold,other,0,0,1.0,0,1,1,0,0,0,0,1,-3.3095622156888775,0.10086082137098448
188,Gold Concurrent 2024,2.0,2024-04-01,5.432367149768121,series,acquired,Gold,other,0,0,1.0,0,1,1,0,0,0,0,1,-3.3095622156888775,0.10086082137098448
189,Gold Concurrent 2024,2.0,2024-08-01,5.432367149768121,series,acquired,Gold,other,0,0,1.0,0,1,1,0,0,0,0,1,-3.3095622156888775,0.10086082137098448
190,Gold Concurrent 2024,1.0,2024-09-01,5.432367149768121,series,acquired,Gold,other,0,0,1.0,0,1,1,0,0,0,0,1,-3.3095622156888775,0.10086082137098448
191,Gold Concurrent 2024,2.0,2024-10-01,5.432367149768121,series,acquired,Gold,other,0,0,1.0,0,1,1,0,0,0,0,1,-3.3095622156888775,0.10086082137098448
192,Gold Concurrent 2024,2.0,2024-12-01,5.432367149768121,series,acquired,Gold,other,0,0,1.0,0,1,1,0,0,0,0,1,-3.3095622156888775,0.10086082137098448
193,Gold Concurrent 2024,1.0,2024-11-01,5.432367149768121,series,acquired,Gold,other,0,0,1.0,0,1,1,0,0,0,0,1,-3.3095622156888775,0.10086082137098448
194,Gold Concurrent 2024,2.0,2024-02-01,5.432367149768121,series,acquired,Gold,other,0,0,1.0,0,1,1,0,0,0,0,1,-3.3095622156888775,0.10086082137098448
195,Gold Concurrent 2024,2.0,2024-06-01,5.432367149768121,series,acquired,Gold,other,0,0,1.0,0,1,1,0,0,0,0,1,-3.3095622156888775,0.10086082137098448
196,Gold Concurrent 2025,2.0,2025-01-01,5.432367149768121,series,acquired,Gold,other,0,0,1.0,0,1,1,0,0,0,0,1,-3.3095622156888775,0.10086082137098448
197,Gold Concurrent 2025,1.0,2025-02-01,5.432367149768121,series,acquired,Gold,other,0,0,1.0,0,1,1,0,0,0,0,1,-3.3095622156888775,0.10086082137098448
198,Gold Concurrent 2025,2.0,2025-04-01,5.432367149768121,series,acquired,Gold,other,0,0,1.0,0,1,1,0,0,0,0,1,-3.3095622156888775,0.10086082137098448
199,Gold Concurrent 2025,2.0,2025-08-01,5.432367149768121,series,acquired,Gold,other,0,0,1.0,0,1,1,0,0,0,0,1,-3.3095622156888775,0.10086082137098448
200,Gold Concurrent 2025,2.0,2025-09-01,5.432367149768121,series,acquired,Gold,other,0,0,1.0,0,1,1,0,0,0,0,1,-3.3095622156888775,0.10086082137098448
201,Gold Concurrent 2025,1.0,2025-10-01,5.432367149768121,series,acquired,Gold,other,0,0,1.0,0,1,1,0,0,0,0,1,-3.3095622156888775,0.10086082137098448
202,Gold Concurrent 2025,2.0,2025-12-01,5.432367149768121,series,acquired,Gold,other,0,0,1.0,0,1,1,0,0,0,0,1,-3.3095622156888775,0.10086082137098448
203,Gold Concurrent 2025,2.0,2025-05-01,5.432367149768121,series,acquired,Gold,other,0,0,1.0,0,1,1,0,0,0,0,1,-3.3095622156888775,0.10086082137098448
204,Gold Concurrent 2025,1.0,2025-02-01,5.432367149768121,series,acquired,Gold,other,0,0,1.0,0,1,1,0,0,0,0,1,-3.3095622156888775,0.10086082137098448
205,Gold Concurrent 2025,2.0,2025-01-01,5.432367149768121,series,acquired,Gold,other,0,0,1.0,0,1,1,0,0,0,0,1,-3.3095622156888775,0.10086082137098448
206,Gold Concurrent 2026,2.0,2026-01-01,5.432367149768121,series,acquired,Gold,other,0,0,1.0,0,1,1,0,0,0,0,1,-3.3095622156888775,0.10086082137098448
207,Gold Concurrent 2026,2.0,2026-02-01,5.432367149768121,series,acquired,Gold,other,0,0,1.0,0,1,1,0,0,0,0,1,-3.3095622156888775,0.10086082137098448
208,Gold Concurrent 2026,1.0,2026-04-01,5.432367149768121,series,acquired,Gold,other,0,0,1.0,0,1,1,0,0,0,0,1,-3.3095622156888775,0.10086082137098448
209,Gold Concurrent 2026,2.0,2026-08-01,5.432367149768121,series,acquired,Gold,other,0,0,1.0,0,1,1,0,0,0,0,1,-3.3095622156888775,0.10086082137098448
210,Gold Concurrent 2026,2.0,2026-09-01,5.432367149768121,series,acquired,Gold,other,0,0,1.0,0,1,1,0,0,0,0,1,-3.3095622156888775,0.10086082137098448
211,Gold Concurrent 2026,2.0,2026-10-01,5.432367149768121,series,acquired,Gold,other,0,0,1.0,0,1,1,0,0,0,0,1,-3.3095622156888775,0.10086082137098448
212,Gold Concurrent 2026,1.0,2026-12-01,5.432367149768121,series,acquired,Gold,other,0,0,1.0,0,1,1,0,0,0,0,1,-3.3095622156888775,0.10086082137098448
213,Gold Concurrent 2026,2.0,2026-04-01,5.432367149768121,series,acquired,Gold,other,0,0,1.0,0,1,1,0,0,0,0,1,-3.3095622156888775,0.10086082137098448
214,Gold Concurrent 2026,2.0,2026-03-01,5.432367149768121,series,acquired,Gold,other,0,0,1.0,0,1,1,0,0,0,0,1,-3.3095622156888775,0.10086082137098448
215,Gold Concurrent 2026,1.0,2026-07-01,5.432367149768121,series,acquired,Gold,other,0,0,1.0,0,1,1,0,0,0,0,1,-3.3095622156888775,0.10086082137098448
216,Gold Concurrent 2027,2.0,2027-01-01,5.432367149768121,series,acquired,Gold,other,0,0,1.0,0,1,1,0,0,0,0,1,-3.3095622156888775,0.10086082137098448
217,Gold Concurrent 2027,2.0,2027-02-01,5.432367149768121,series,acquired,Gold,other,0,0,1.0,0,1,1,0,0,0,0,1,-3.3095622156888775,0.10086082137098448
218,Gold Concurrent 2027,2.0,2027-04-01,5.432367149768121,series,acquired,Gold,other,0,0,1.0,0,1,1,0,0,0,0,1,-3.3095622156888775,0.10086082137098448
219,Gold Concurrent 2027,1.0,2027-08-01,5.432367149768121,series,acquired,Gold,other,0,0,1.0,0,1,1,0,0,0,0,1,-3.3095622156888775,0.10086082137098448
220,Gold Concurrent 2027,2.0,2027-09-01,5.432367149768121,series,acquired,Gold,other,0,0,1.0,0,1,1,0,0,0,0,1,-3.3095622156888775,0.10086082137098448
221,Gold Concurrent 2027,2.0,2027-10-01,5.432367149768121,series,acquired,Gold,other,0,0,1.0,0,1,1,0,0,0,0,1,-3.3095622156888775,0.10086082137098448
222,Gold Concurrent 2027,2.0,2027-12-01,5.432367149768121,series,acquired,Gold,other,0,0,1.0,0,1,1,0,0,0,0,1,-3.3095622156888775,0.10086082137098448
223,Gold Concurrent 2027,2.0,2027-04-01,5.432367149768121,series,acquired,Gold,other,0,0,1.0,0,1,1,0,0,0,0,1,-3.3095622156888775,0.10086082137098448
224,Gold Concurrent 2027,2.0,2027-03-01,5.432367149768121,series,acquired,Gold,other,0,0,1.0,0,1,1,0,0,0,0,1,-3.3095622156888775,0.10086082137098448
225,Gold Concurrent 2027,2.0,2027-07-01,5.432367149768121,series,acquired,Gold,other,0,0,1.0,0,1,1,0,0,0,0,1,-3.3095622156888775,0.10086082137098448
226,Gold Concurrent 2028,1.0,2028-01-01,5.432367149768121,series,acquired,Gold,other,0,0,1.0,0,1,1,0,0,0,0,1,-3.3095622156888775,0.10086082137098448
227,Gold Concurrent 2028,2.0,2028-02-01,5.432367149768121,series,acquired,Gold,other,0,0,1.0,0,1,1,0,0,0,0,1,-3.3095622156888775,0.10086082137098448
228,Gold Concurrent 2028,2.0,2028-04-01,5.432367149768121,series,acquired,Gold,other,0,0,1.0,0,1,1,0,0,0,0,1,-3.3095622156888775,0.10086082137098448
229,Gold Concurrent 2028,2.0,2028-08-01,5.432367149768121,series,acquired,Gold,other,0,0,1.0,0,1,1,0,0,0,0,1,-3.3095622156888775,0.10086082137098448
230,Gold Concurrent 2028,1.0,2028-09-01,5.432367149768121,series,acquired,Gold,other,0,0,1.0,0,1,1,0,0,0,0,1,-3.3095622156888775,0.10086082137098448
231,Gold Concurrent 2028,2.0,2028-10-01,5.432367149768121,series,acquired,Gold,other,0,0,1.0,0,1,1,0,0,0,0,1,-3.3095622156888775,0.10086082137098448
232,Gold Concurrent 2028,2.0,2028-12-01,5.432367149768121,series,acquired,Gold,other,0,0,1.0,0,1,1,0,0,0,0,1,-3.3095622156888775,0.10086082137098448
233,Gold Concurrent 2028,1.0,2028-07-01,5.432367149768121,series,acquired,Gold,other,0,0,1.0,0,1,1,0,0,0,0,1,-3.3095622156888775,0.10086082137098448
234,Gold Concurrent 2028,2.0,2028-04-01,5.432367149768121,series,acquired,Gold,other,0,0,1.0,0,1,1,0,0,0,0,1,-3.3095622156888775,0.10086082137098448
235,Gold Concurrent 2028,2.0,2028-03-01,5.432367149768121,series,acquired,Gold,other,0,0,1.0,0,1,1,0,0,0,0,1,-3.3095622156888775,0.10086082137098448
236,Placeholder  ,1.0,2024-08-01,5.6,series,acquired,Gold,other,0,0,1.0,0,1,1,0,0,0,0,1,-3.3095622156888775,0.10086082137098448
237,Placeholder  ,1.0,2024-09-01,5.6,series,acquired,Gold,other,0,0,1.0,0,1,1,0,0,0,0,1,-3.3095622156888775,0.10086082137098448
238,Placeholder  ,1.0,2024-10-01,5.6,series,acquired,Gold,other,0,0,1.0,0,1,1,0,0,0,0,1,-3.3095622156888775,0.10086082137098448
239,Placeholder  ,1.0,2024-11-01,5.6,series,acquired,Gold,other,0,0,1.0,0,1,1,0,0,0,0,1,-3.3095622156888775,0.10086082137098448
240,Placeholder  ,1.0,2024-12-01,5.6,series,acquired,Gold,other,0,0,1.0,0,1,1,0,0,0,0,1,-3.3095622156888775,0.10086082137098448
241,Placeholder  ,1.0,2024-08-01,5.6,series,acquired,Gold,other,0,0,1.0,0,1,1,0,0,0,0,1,-3.3095622156888775,0.10086082137098448
242,Placeholder  ,1.0,2024-09-01,5.6,series,acquired,Gold,other,0,0,1.0,0,1,1,0,0,0,0,1,-3.3095622156888775,0.10086082137098448
243,Placeholder  ,1.0,2024-10-01,5.6,series,acquired,Gold,other,0,0,1.0,0,1,1,0,0,0,0,1,-3.3095622156888775,0.10086082137098448
244,Placeholder  ,1.0,2024-11-01,5.6,series,acquired,Gold,other,0,0,1.0,0,1,1,0,0,0,0,1,-3.3095622156888775,0.10086082137098448
245,Placeholder  ,1.0,2025-06-01,5.6,series,acquired,Gold,other,0,0,1.0,0,1,1,0,0,0,0,1,-3.3095622156888775,0.10086082137098448
246,Placeholder  ,1.0,2025-07-01,5.6,series,acquired,Gold,other,0,0,1.0,0,1,1,0,0,0,0,1,-3.3095622156888775,0.10086082137098448
247,Placeholder  ,1.0,2025-05-01,5.6,series,acquired,Gold,other,0,0,1.0,0,1,1,0,0,0,0,1,-3.3095622156888775,0.10086082137098448
248,Placeholder  ,1.0,2025-08-01,5.6,series,acquired,Gold,other,0,0,1.0,0,1,1,0,0,0,0,1,-3.3095622156888775,0.10086082137098448
249,Placeholder  ,1.0,2025-04-01,5.6,series,acquired,Gold,other,0,0,1.0,0,1,1,0,0,0,0,1,-3.3095622156888775,0.10086082137098448
250,Placeholder  ,1.0,2025-09-01,5.6,series,acquired,Gold,other,0,0,1.0,0,1,1,0,0,0,0,1,-3.3095622156888775,0.10086082137098448
251,Placeholder  ,1.0,2025-03-01,5.6,series,acquired,Gold,other,0,0,1.0,0,1,1,0,0,0,0,1,-3.3095622156888775,0.10086082137098448
252,Placeholder  ,1.0,2025-10-01,5.6,series,acquired,Gold,other,0,0,1.0,0,1,1,0,0,0,0,1,-3.3095622156888775,0.10086082137098448
253,Placeholder  ,1.0,2025-02-01,5.6,series,acquired,Gold,other,0,0,1.0,0,1,1,0,0,0,0,1,-3.3095622156888775,0.10086082137098448
254,Placeholder  ,1.0,2025-11-01,5.6,series,acquired,Gold,other,0,0,1.0,0,1,1,0,0,0,0,1,-3.3095622156888775,0.10086082137098448
255,Placeholder  ,1.0,2025-01-01,5.6,series,acquired,Gold,other,0,0,1.0,0,1,1,0,0,0,0,1,-3.3095622156888775,0.10086082137098448
256,Placeholder  ,1.0,2025-12-01,5.6,series,acquired,Gold,other,0,0,1.0,0,1,1,0,0,0,0,1,-3.3095622156888775,0.10086082137098448
257,Placeholder  ,1.0,2025-06-01,5.6,series,acquired,Gold,other,0,0,1.0,0,1,1,0,0,0,0,1,-3.3095622156888775,0.10086082137098448
258,Placeholder  ,1.0,2025-07-01,5.6,series,acquired,Gold,other,0,0,1.0,0,1,1,0,0,0,0,1,-3.3095622156888775,0.10086082137098448
259,Placeholder  ,1.0,2025-05-01,5.6,series,acquired,Gold,other,0,0,1.0,0,1,1,0,0,0,0,1,-3.3095622156888775,0.10086082137098448
260,Placeholder  ,1.0,2025-08-01,5.6,series,acquired,Gold,other,0,0,1.0,0,1,1,0,0,0,0,1,-3.3095622156888775,0.10086082137098448
261,Placeholder  ,1.0,2025-04-01,5.6,series,acquired,Gold,other,0,0,1.0,0,1,1,0,0,0,0,1,-3.3095622156888775,0.10086082137098448
262,Placeholder  ,1.0,2026-06-01,5.6,series,acquired,Gold,other,0,0,1.0,0,1,1,0,0,0,0,1,-3.3095622156888775,0.10086082137098448
263,Placeholder  ,1.0,2026-07-01,5.6,series,acquired,Gold,other,0,0,1.0,0,1,1,0,0,0,0,1,-3.3095622156888775,0.10086082137098448
264,Placeholder  ,1.0,2026-05-01,5.6,series,acquired,Gold,other,0,0,1.0,0,1,1,0,0,0,0,1,-3.3095622156888775,0.10086082137098448
265,Placeholder  ,1.0,2026-08-01,5.6,series,acquired,Gold,other,0,0,1.0,0,1,1,0,0,0,0,1,-3.3095622156888775,0.10086082137098448
266,Placeholder  ,1.0,2026-04-01,5.6,series,acquired,Gold,other,0,0,1.0,0,1,1,0,0,0,0,1,-3.3095622156888775,0.10086082137098448
267,Placeholder  ,1.0,2026-09-01,5.6,series,acquired,Gold,other,0,0,1.0,0,1,1,0,0,0,0,1,-3.3095622156888775,0.10086082137098448
268,Placeholder  ,1.0,2026-03-01,5.6,series,acquired,Gold,other,0,0,1.0,0,1,1,0,0,0,0,1,-3.3095622156888775,0.10086082137098448
269,Placeholder  ,1.0,2026-10-01,5.6,series,acquired,Gold,other,0,0,1.0,0,1,1,0,0,0,0,1,-3.3095622156888775,0.10086082137098448
270,Placeholder  ,1.0,2026-02-01,5.6,series,acquired,Gold,other,0,0,1.0,0,1,1,0,0,0,0,1,-3.3095622156888775,0.10086082137098448
271,Placeholder  ,1.0,2026-11-01,5.6,series,acquired,Gold,other,0,0,1.0,0,1,1,0,0,0,0,1,-3.3095622156888775,0.10086082137098448
272,Placeholder  ,1.0,2026-01-01,5.6,series,acquired,Gold,other,0,0,1.0,0,1,1,0,0,0,0,1,-3.3095622156888775,0.10086082137098448
273,Placeholder  ,1.0,2026-12-01,5.6,series,acquired,Gold,other,0,0,1.0,0,1,1,0,0,0,0,1,-3.3095622156888775,0.10086082137098448
274,Placeholder  ,1.0,2026-06-01,5.6,series,acquired,Gold,other,0,0,1.0,0,1,1,0,0,0,0,1,-3.3095622156888775,0.10086082137098448
275,Placeholder  ,1.0,2026-07-01,5.6,series,acquired,Gold,other,0,0,1.0,0,1,1,0,0,0,0,1,-3.3095622156888775,0.10086082137098448
276,Placeholder  ,1.0,2026-05-01,5.6,series,acquired,Gold,other,0,0,1.0,0,1,1,0,0,0,0,1,-3.3095622156888775,0.10086082137098448
277,Placeholder  ,1.0,2026-08-01,5.6,series,acquired,Gold,other,0,0,1.0,0,1,1,0,0,0,0,1,-3.3095622156888775,0.10086082137098448
278,Placeholder  ,1.0,2026-04-01,5.6,series,acquired,Gold,other,0,0,1.0,0,1,1,0,0,0,0,1,-3.3095622156888775,0.10086082137098448
279,Placeholder  ,1.0,2027-06-01,5.6,series,acquired,Gold,other,0,0,1.0,0,1,1,0,0,0,0,1,-3.3095622156888775,0.10086082137098448
280,Placeholder  ,1.0,2027-07-01,5.6,series,acquired,Gold,other,0,0,1.0,0,1,1,0,0,0,0,1,-3.3095622156888775,0.10086082137098448
281,Placeholder  ,1.0,2027-05-01,5.6,series,acquired,Gold,other,0,0,1.0,0,1,1,0,0,0,0,1,-3.3095622156888775,0.10086082137098448
282,Placeholder  ,1.0,2027-08-01,5.6,series,acquired,Gold,other,0,0,1.0,0,1,1,0,0,0,0,1,-3.3095622156888775,0.10086082137098448
283,Placeholder  ,1.0,2027-04-01,5.6,series,acquired,Gold,other,0,0,1.0,0,1,1,0,0,0,0,1,-3.3095622156888775,0.10086082137098448
284,Placeholder  ,1.0,2027-09-01,5.6,series,acquired,Gold,other,0,0,1.0,0,1,1,0,0,0,0,1,-3.3095622156888775,0.10086082137098448
285,Placeholder  ,1.0,2027-03-01,5.6,series,acquired,Gold,other,0,0,1.0,0,1,1,0,0,0,0,1,-3.3095622156888775,0.10086082137098448
286,Placeholder  ,1.0,2027-10-01,5.6,series,acquired,Gold,other,0,0,1.0,0,1,1,0,0,0,0,1,-3.3095622156888775,0.10086082137098448
287,Placeholder  ,1.0,2027-02-01,5.6,series,acquired,Gold,other,0,0,1.0,0,1,1,0,0,0,0,1,-3.3095622156888775,0.10086082137098448
288,Placeholder  ,1.0,2027-11-01,5.6,series,acquired,Gold,other,0,0,1.0,0,1,1,0,0,0,0,1,-3.3095622156888775,0.10086082137098448
289,Placeholder  ,1.0,2027-01-01,5.6,series,acquired,Gold,other,0,0,1.0,0,1,1,0,0,0,0,1,-3.3095622156888775,0.10086082137098448
290,Placeholder  ,1.0,2027-12-01,5.6,series,acquired,Gold,other,0,0,1.0,0,1,1,0,0,0,0,1,-3.3095622156888775,0.10086082137098448
291,Placeholder  ,1.0,2027-06-01,5.6,series,acquired,Gold,other,0,0,1.0,0,1,1,0,0,0,0,1,-3.3095622156888775,0.10086082137098448
292,Placeholder  ,1.0,2027-07-01,5.6,series,acquired,Gold,other,0,0,1.0,0,1,1,0,0,0,0,1,-3.3095622156888775,0.10086082137098448
293,Placeholder  ,1.0,2027-05-01,5.6,series,acquired,Gold,other,0,0,1.0,0,1,1,0,0,0,0,1,-3.3095622156888775,0.10086082137098448
294,Placeholder  ,1.0,2027-08-01,5.6,series,acquired,Gold,other,0,0,1.0,0,1,1,0,0,0,0,1,-3.3095622156888775,0.10086082137098448
295,Placeholder  ,1.0,2027-04-01,5.6,series,acquired,Gold,other,0,0,1.0,0,1,1,0,0,0,0,1,-3.3095622156888775,0.10086082137098448
296,PERRY MASON S2,2.0,2023-03-01,8.0,series,original,Silver,drama,0,0,2.0,0,1,0,1,0,0,1,1,-4.780786843954255,0.03637807861001514
297,GET MILLIE BLACK,1.0,2024-10-01,6.0,series,original,Silver,drama,0,0,2.0,0,1,0,1,0,0,1,1,-4.780786843954255,0.03637807861001514
298,TITANS S4B,4.0,2023-04-01,6.0,series,original,Silver,drama,0,0,2.0,0,1,0,1,0,0,1,1,-4.780786843954255,0.03637807861001514
299,JULIA S2,2.0,2023-10-01,8.0,series,original,Silver,drama,0,0,2.0,0,1,0,1,0,0,1,1,-4.780786843954255,0.03637807861001514
300,THE GIRLS ON THE BUS S1,1.0,2024-04-01,10.0,series,original,Silver,drama,0,0,2.0,0,1,0,1,0,0,1,1,-4.780786843954255,0.03637807861001514
301,WARRIOR S3,3.0,2023-06-01,10.0,series,original,Silver,drama,0,0,2.0,0,1,0,1,0,0,1,1,-4.780786843954255,0.03637807861001514
302,FULL CIRCLE (LS),1.0,2023-07-01,6.0,series,original,Silver,drama,0,0,2.0,0,1,0,1,0,0,1,1,-4.780786843954255,0.03637807861001514
303,TOKYO VICE S2,2.0,2024-02-01,10.0,series,original,Silver,drama,0,0,2.0,0,1,0,1,0,0,1,1,-4.780786843954255,0.03637807861001514
304,PRETTY LITTLE LIARS: SUMMER SCHOOL (S2),2.0,2023-12-01,8.0,series,original,Silver,drama,0,0,2.0,0,1,0,1,0,0,1,1,-4.780786843954255,0.03637807861001514
305,TBD DRAMA A S1 '26,1.0,2026-06-01,8.0,series,original,Silver,drama,0,0,2.0,0,1,0,1,0,0,1,1,-4.780786843954255,0.03637807861001514
306,TBD DRAMA B S1 '26,1.0,2026-07-01,8.0,series,original,Silver,drama,0,0,2.0,0,1,0,1,0,0,1,1,-4.780786843954255,0.03637807861001514
307,TBD DOCUSERIES F,1.0,2026-09-01,4.0,series,original,Platinum,other,0,0,0.0,0,1,0,1,0,0,0,1,-2.497933513873758,0.17703008796218506
308,TBD DOCUSERIES G,1.0,2026-12-01,6.0,series,original,Platinum,other,0,0,0.0,0,1,0,1,0,0,0,1,-2.497933513873758,0.17703008796218506
309,TBD DOCUSERIES B,1.0,2026-03-01,3.0,series,original,Platinum,other,0,0,0.0,0,1,0,1,0,0,0,1,-2.497933513873758,0.17703008796218506
310,TBD DOCUSERIES E,1.0,2026-02-01,12.0,series,original,Platinum,other,0,0,0.0,0,1,0,1,0,0,0,1,-2.497933513873758,0.17703008796218506
311,TBD DOCUSERIES C,1.0,2026-04-01,6.0,series,original,Platinum,other,0,0,0.0,0,1,0,1,0,0,0,1,-2.497933513873758,0.17703008796218506
312,TBD DOCUSERIES A,1.0,2026-01-01,4.5,series,original,Platinum,other,0,0,0.0,0,1,0,1,0,0,0,1,-2.497933513873758,0.17703008796218506
313,TBD DOCUSERIES D,1.0,2026-07-01,3.0,series,original,Platinum,other,0,0,0.0,0,1,0,1,0,0,0,1,-2.497933513873758,0.17703008796218506
314,2025 TBD DOCUSERIES C,1.0,2026-04-01,6.0,series,original,Platinum,other,0,0,0.0,0,1,0,1,0,0,0,1,-2.497933513873758,0.17703008796218506
315,2025 TBD DOCUSERIES B,1.0,2026-06-01,3.0,series,original,Platinum,other,0,0,0.0,0,1,0,1,0,0,0,1,-2.497933513873758,0.17703008796218506
316,2025 TBD DOCUSERIES A,1.0,2026-01-01,4.5,series,original,Platinum,other,0,0,0.0,0,1,0,1,0,0,0,1,-2.497933513873758,0.17703008796218506
317,2025 TBD DOCUSERIES D,1.0,2026-07-01,3.0,series,original,Platinum,other,0,0,0.0,0,1,0,1,0,0,0,1,-2.497933513873758,0.17703008796218506
318,EYES ON THE PRIZE,1.0,2024-02-01,6.0,series,original,Platinum,other,0,0,0.0,0,1,0,1,0,0,0,1,-2.497933513873758,0.17703008796218506
319,2025 TBD DOCUSERIES F,1.0,2026-09-01,4.0,series,original,Platinum,other,0,0,0.0,0,1,0,1,0,0,0,1,-2.497933513873758,0.17703008796218506
320,2025 TBD DOCUSERIES E,1.0,2026-02-01,12.0,series,original,Platinum,other,0,0,0.0,0,1,0,1,0,0,0,1,-2.497933513873758,0.17703008796218506
321,RENAISSANCE FAIR,1.0,2024-10-01,3.0,series,original,Platinum,other,0,0,0.0,0,1,0,1,0,0,0,1,-2.497933513873758,0.17703008796218506
322,BARRY S4,4.0,2023-04-01,4.0,series,original,Gold,action,0,0,1.0,0,1,0,1,1,0,0,1,-3.47349364935359,0.09002729924129284
323,THE RIGHTEOUS GEMSTONES S3,3.0,2023-06-01,4.5,series,original,Gold,action,0,0,1.0,0,1,0,1,1,0,0,1,-3.47349364935359,0.09002729924129284
324,CURB YOUR ENTHUSIASM S12,12.0,2024-01-01,5.5,series,original,Gold,action,0,0,1.0,0,1,0,1,1,0,0,1,-3.47349364935359,0.09002729924129284
325,THE REHEARSAL S2,2.0,2024-04-01,3.0,series,original,Gold,action,0,0,1.0,0,1,0,1,1,0,0,1,-3.47349364935359,0.09002729924129284
326,THE RIGHTEOUS GEMSTONES S4 / TBD,4.0,2024-10-01,4.5,series,original,Gold,action,0,0,1.0,0,1,0,1,1,0,0,1,-3.47349364935359,0.09002729924129284
327,THE RIGHTEOUS GEMSTONES S5 / TBD,5.0,2025-10-01,4.5,series,original,Gold,action,0,0,1.0,0,1,0,1,1,0,0,1,-3.47349364935359,0.09002729924129284
328,THE RIGHTEOUS GEMSTONES S6 / TBD,6.0,2026-10-01,4.5,series,original,Gold,action,0,0,1.0,0,1,0,1,1,0,0,1,-3.47349364935359,0.09002729924129284
329,OUR FLAG MEANS DEATH S2,2.0,2023-10-01,4.0,series,original,Gold,action,0,0,1.0,0,1,0,1,1,0,0,1,-3.47349364935359,0.09002729924129284
330,SEX LIVES OF COLLEGE GIRLS S3,3.0,2024-05-01,5.0,series,original,Gold,action,0,0,1.0,0,1,0,1,1,0,0,1,-3.47349364935359,0.09002729924129284
331,OUR FLAG MEANS DEATH S3 / TBD MULTICAM,3.0,2024-09-01,4.0,series,original,Gold,action,0,0,1.0,0,1,0,1,1,0,0,1,-3.47349364935359,0.09002729924129284
332,HARD KNOCKS S18,18.0,2023-08-01,5.0,movies,original,Gold,other,0,0,1.0,1,0,0,1,0,0,0,1,-3.9979127025326626,0.06259049071755185
333,HARD KNOCKS S19,19.0,2024-08-01,5.0,movies,original,Gold,other,0,0,1.0,1,0,0,1,0,0,0,1,-3.9979127025326626,0.06259049071755185
334,2025 TBD SPECIALS,,2025-05-01,25.0,movies,original,Gold,other,0,0,1.0,1,0,0,1,0,0,0,1,-3.9979127025326626,0.06259049071755185
335,HARD KNOCKS S20,20.0,2025-08-01,5.0,movies,original,Gold,other,0,0,1.0,1,0,0,1,0,0,0,1,-3.9979127025326626,0.06259049071755185
336,CHARLES STUART MURDER,,2025-09-01,3.0,movies,original,Gold,other,0,0,1.0,1,0,0,1,0,0,0,1,-3.9979127025326626,0.06259049071755185
337,WELCOME TO TOPEKA,,2024-09-01,1.5,movies,original,Gold,other,0,0,1.0,1,0,0,1,0,0,0,1,-3.9979127025326626,0.06259049071755185
338,THE WEEKND: LIVE AT SOFI STADIUM,,2023-02-01,1.5,movies,original,Gold,other,0,0,1.0,1,0,0,1,0,0,0,1,-3.9979127025326626,0.06259049071755185
339,UNT. CONSUMERISM PROJECT,,2025-12-01,1.5,movies,original,Gold,other,0,0,1.0,1,0,0,1,0,0,0,1,-3.9979127025326626,0.06259049071755185
340,ELIZABETH TAYLOR PROJECT,,2025-05-01,1.5,movies,original,Gold,other,0,0,1.0,1,0,0,1,0,0,0,1,-3.9979127025326626,0.06259049071755185
341,SIREN,,2025-03-01,1.5,movies,original,Gold,other,0,0,1.0,1,0,0,1,0,0,0,1,-3.9979127025326626,0.06259049071755185
342,THE MORTICIANS,,2025-03-01,1.5,movies,original,Gold,other,0,0,1.0,1,0,0,1,0,0,0,1,-3.9979127025326626,0.06259049071755185
343,BILLY JOEL,,2024-05-01,3.0,movies,original,Gold,other,0,0,1.0,1,0,0,1,0,0,0,1,-3.9979127025326626,0.06259049071755185
344,ALBERT BROOKS: DEFENDING HIS LIFE,,2024-05-01,1.5,movies,original,Gold,other,0,0,1.0,1,0,0,1,0,0,0,1,-3.9979127025326626,0.06259049071755185
345,MACKENZIE FIERCETON PROJECT,,2025-11-01,1.5,movies,original,Gold,other,0,0,1.0,1,0,0,1,0,0,0,1,-3.9979127025326626,0.06259049071755185
346,WHEN A WITNESS RECANTS,,2025-12-01,1.5,movies,original,Gold,other,0,0,1.0,1,0,0,1,0,0,0,1,-3.9979127025326626,0.06259049071755185
347, MARISKA HARGITAY / JAYNE MANSFIELD PROJECT,,2025-11-01,1.5,movies,original,Gold,other,0,0,1.0,1,0,0,1,0,0,0,1,-3.9979127025326626,0.06259049071755185
348,2026 TBD SPECIALS,,2026-05-01,25.0,movies,original,Gold,other,0,0,1.0,1,0,0,1,0,0,0,1,-3.9979127025326626,0.06259049071755185
349,DOCU TBD 3,,2024-09-01,1.5,movies,original,Gold,other,0,0,1.0,1,0,0,1,0,0,0,1,-3.9979127025326626,0.06259049071755185
350,DOCU TBD 4,,2024-11-01,1.5,movies,original,Gold,other,0,0,1.0,1,0,0,1,0,0,0,1,-3.9979127025326626,0.06259049071755185
351,2026 TBD DOCUMENTARIES,,2026-05-01,37.0,movies,original,Gold,other,0,0,1.0,1,0,0,1,0,0,0,1,-3.9979127025326626,0.06259049071755185
352,HARD KNOCKS S21,21.0,2026-09-01,5.0,movies,original,Gold,other,0,0,1.0,1,0,0,1,0,0,0,1,-3.9979127025326626,0.06259049071755185
353,BAMA RUSH,,2023-05-01,1.5,movies,original,Gold,other,0,0,1.0,1,0,0,1,0,0,0,1,-3.9979127025326626,0.06259049071755185
354,Low 2,,2024-08-01,6.0227272727272725,movies,acquired,Gold,other,1,0,1.0,1,0,1,0,0,0,0,1,-3.2346358482192445,0.10623743698270605
355,Low 3,,2025-01-01,6.0227272727272725,movies,acquired,Gold,other,1,0,1.0,1,0,1,0,0,0,0,1,-3.2346358482192445,0.10623743698270605
356,Low 1,,2025-03-01,6.0227272727272725,movies,acquired,Gold,other,1,0,1.0,1,0,1,0,0,0,0,1,-3.2346358482192445,0.10623743698270605
357,Low 2,,2025-07-01,6.0227272727272725,movies,acquired,Gold,other,1,0,1.0,1,0,1,0,0,0,0,1,-3.2346358482192445,0.10623743698270605
358,Low 3,,2025-09-01,6.0227272727272725,movies,acquired,Gold,other,1,0,1.0,1,0,1,0,0,0,0,1,-3.2346358482192445,0.10623743698270605
359,Low 4,,2025-10-01,6.0227272727272725,movies,acquired,Gold,other,1,0,1.0,1,0,1,0,0,0,0,1,-3.2346358482192445,0.10623743698270605
360,Placeholder Pay 1 - Warner,,2026-09-01,6.0227272727272725,movies,acquired,Gold,other,1,0,1.0,1,0,1,0,0,0,0,1,-3.2346358482192445,0.10623743698270605
361,Placeholder Pay 1 - Warner,,2026-12-01,6.0227272727272725,movies,acquired,Gold,other,1,0,1.0,1,0,1,0,0,0,0,1,-3.2346358482192445,0.10623743698270605
362,Placeholder Pay 1 - Warner,,2026-04-01,6.0227272727272725,movies,acquired,Gold,other,1,0,1.0,1,0,1,0,0,0,0,1,-3.2346358482192445,0.10623743698270605
363,Placeholder Pay 1 - Warner,,2026-06-01,6.0227272727272725,movies,acquired,Gold,other,1,0,1.0,1,0,1,0,0,0,0,1,-3.2346358482192445,0.10623743698270605
364,Placeholder Pay 1 - Warner,,2026-08-01,6.0227272727272725,movies,acquired,Gold,other,1,0,1.0,1,0,1,0,0,0,0,1,-3.2346358482192445,0.10623743698270605
365,Placeholder Pay 1 - Warner,,2027-07-01,6.0227272727272725,movies,acquired,Gold,other,1,0,1.0,1,0,1,0,0,0,0,1,-3.2346358482192445,0.10623743698270605
366,Placeholder Pay 1 - Warner,,2027-10-01,6.0227272727272725,movies,acquired,Gold,other,1,0,1.0,1,0,1,0,0,0,0,1,-3.2346358482192445,0.10623743698270605
367,Placeholder Pay 1 - Warner,,2027-02-01,6.0227272727272725,movies,acquired,Gold,other,1,0,1.0,1,0,1,0,0,0,0,1,-3.2346358482192445,0.10623743698270605
368,Placeholder Pay 1 - Warner,,2027-04-01,6.0227272727272725,movies,acquired,Gold,other,1,0,1.0,1,0,1,0,0,0,0,1,-3.2346358482192445,0.10623743698270605
369,Placeholder Pay 1 - Warner,,2027-06-01,6.0227272727272725,movies,acquired,Gold,other,1,0,1.0,1,0,1,0,0,0,0,1,-3.2346358482192445,0.10623743698270605
370,Placeholder Pay 1 - Warner,,2028-05-01,6.0227272727272725,movies,acquired,Gold,other,1,0,1.0,1,0,1,0,0,0,0,1,-3.2346358482192445,0.10623743698270605
371,Placeholder Pay 1 - Warner,,2028-08-01,6.0227272727272725,movies,acquired,Gold,other,1,0,1.0,1,0,1,0,0,0,0,1,-3.2346358482192445,0.10623743698270605
372,Placeholder Pay 1 - Warner,,2028-12-01,6.0227272727272725,movies,acquired,Gold,other,1,0,1.0,1,0,1,0,0,0,0,1,-3.2346358482192445,0.10623743698270605
373,Placeholder Pay 1 - Warner,,2028-02-01,6.0227272727272725,movies,acquired,Gold,other,1,0,1.0,1,0,1,0,0,0,0,1,-3.2346358482192445,0.10623743698270605
374,Placeholder Pay 1 - Warner,,2028-04-01,6.0227272727272725,movies,acquired,Gold,other,1,0,1.0,1,0,1,0,0,0,0,1,-3.2346358482192445,0.10623743698270605
375,Fox Pay-1 Film,,2024-05-01,6.0227272727272725,movies,acquired,Gold,other,1,0,1.0,1,0,1,0,0,0,0,1,-3.2346358482192445,0.10623743698270605
376,Fox Pay-1 Film,,2024-07-01,6.0227272727272725,movies,acquired,Gold,other,1,0,1.0,1,0,1,0,0,0,0,1,-3.2346358482192445,0.10623743698270605
377,Fox Pay-1 Film,,2024-09-01,6.0227272727272725,movies,acquired,Gold,other,1,0,1.0,1,0,1,0,0,0,0,1,-3.2346358482192445,0.10623743698270605
378,Fox Pay-1 Film,,2024-11-01,6.0227272727272725,movies,acquired,Gold,other,1,0,1.0,1,0,1,0,0,0,0,1,-3.2346358482192445,0.10623743698270605
379,Fox Pay-1 Film,,2025-01-01,6.0227272727272725,movies,acquired,Gold,other,1,0,1.0,1,0,1,0,0,0,0,1,-3.2346358482192445,0.10623743698270605
380,Fox Pay-1 Film,,2025-03-01,6.0227272727272725,movies,acquired,Gold,other,1,0,1.0,1,0,1,0,0,0,0,1,-3.2346358482192445,0.10623743698270605
381,Fox Pay-1 Film,,2025-05-01,6.0227272727272725,movies,acquired,Gold,other,1,0,1.0,1,0,1,0,0,0,0,1,-3.2346358482192445,0.10623743698270605
382,Fox Pay-1 Film,,2025-07-01,6.0227272727272725,movies,acquired,Gold,other,1,0,1.0,1,0,1,0,0,0,0,1,-3.2346358482192445,0.10623743698270605
383,Fox Pay-1 Film,,2025-09-01,6.0227272727272725,movies,acquired,Gold,other,1,0,1.0,1,0,1,0,0,0,0,1,-3.2346358482192445,0.10623743698270605
384,Fox Pay-1 Film,,2025-11-01,6.0227272727272725,movies,acquired,Gold,other,1,0,1.0,1,0,1,0,0,0,0,1,-3.2346358482192445,0.10623743698270605
385,Fox Pay-1 Film,,2026-01-01,6.0227272727272725,movies,acquired,Gold,other,1,0,1.0,1,0,1,0,0,0,0,1,-3.2346358482192445,0.10623743698270605
386,Fox Pay-1 Film,,2026-03-01,6.0227272727272725,movies,acquired,Gold,other,1,0,1.0,1,0,1,0,0,0,0,1,-3.2346358482192445,0.10623743698270605
387,A24 Pay-1 Film,,2024-04-01,6.0227272727272725,movies,acquired,Gold,other,1,0,1.0,1,0,1,0,0,0,0,1,-3.2346358482192445,0.10623743698270605
388,A24 Pay-1 Film,,2024-08-01,6.0227272727272725,movies,acquired,Gold,other,1,0,1.0,1,0,1,0,0,0,0,1,-3.2346358482192445,0.10623743698270605
389,A24 Pay-1 Film,,2024-12-01,6.0227272727272725,movies,acquired,Gold,other,1,0,1.0,1,0,1,0,0,0,0,1,-3.2346358482192445,0.10623743698270605
390,A24 Pay-1 Film,,2025-04-01,6.0227272727272725,movies,acquired,Gold,other,1,0,1.0,1,0,1,0,0,0,0,1,-3.2346358482192445,0.10623743698270605
391,A24 Pay-1 Film,,2025-08-01,6.0227272727272725,movies,acquired,Gold,other,1,0,1.0,1,0,1,0,0,0,0,1,-3.2346358482192445,0.10623743698270605
392,A24 Pay-1 Film,,2025-12-01,6.0227272727272725,movies,acquired,Gold,other,1,0,1.0,1,0,1,0,0,0,0,1,-3.2346358482192445,0.10623743698270605
393,A24 Pay-1 Film,,2026-04-01,6.0227272727272725,movies,acquired,Gold,other,1,0,1.0,1,0,1,0,0,0,0,1,-3.2346358482192445,0.10623743698270605
394,A24 Pay-1 Film,,2026-08-01,6.0227272727272725,movies,acquired,Gold,other,1,0,1.0,1,0,1,0,0,0,0,1,-3.2346358482192445,0.10623743698270605
395,A24 Pay-1 Film,,2026-12-01,6.0227272727272725,movies,acquired,Gold,other,1,0,1.0,1,0,1,0,0,0,0,1,-3.2346358482192445,0.10623743698270605
396,2024 TBD FILM,,2026-05-01,2.0,movies,original,Silver,drama,0,0,2.0,1,0,0,1,0,0,1,1,-5.065694075427167,0.029858922697792806
397,2025 TBD FILM,,2026-05-01,2.0,movies,original,Silver,drama,0,0,2.0,1,0,0,1,0,0,1,1,-5.065694075427167,0.029858922697792806
398,2026 TBD FILM,,2026-05-01,2.0,movies,original,Silver,drama,0,0,2.0,1,0,0,1,0,0,1,1,-5.065694075427167,0.029858922697792806
399,TURTLES ALL THE WAY DOWN,,2024-02-01,2.0,movies,original,Silver,drama,0,0,2.0,1,0,0,1,0,0,1,1,-5.065694075427167,0.029858922697792806
400,THE REHEARSAL S3 / TBD,3.0,2025-10-01,3.0,series,original,Silver,action,0,0,2.0,0,1,0,1,1,0,0,1,-4.4119131861352425,0.04697662291271077
401,THE REHEARSAL S4 / TBD,4.0,2026-10-01,3.0,series,original,Silver,action,0,0,2.0,0,1,0,1,1,0,0,1,-4.4119131861352425,0.04697662291271077
402,THE FRANCHISE S1,1.0,2024-04-01,4.0,series,original,Silver,action,0,0,2.0,0,1,0,1,1,0,0,1,-4.4119131861352425,0.04697662291271077
403,THE FRANCHISE S2 / TBD,2.0,2025-04-01,4.0,series,original,Silver,action,0,0,2.0,0,1,0,1,1,0,0,1,-4.4119131861352425,0.04697662291271077
404,JERROD S3 / TBD,3.0,2026-09-01,4.0,series,original,Silver,action,0,0,2.0,0,1,0,1,1,0,0,1,-4.4119131861352425,0.04697662291271077
405,JERROD S1,1.0,2024-09-01,4.0,series,original,Silver,action,0,0,2.0,0,1,0,1,1,0,0,1,-4.4119131861352425,0.04697662291271077
406,JERROD S2 / TBD,2.0,2025-09-01,4.0,series,original,Silver,action,0,0,2.0,0,1,0,1,1,0,0,1,-4.4119131861352425,0.04697662291271077
407,THE FRANCHISE S3 / TBD,3.0,2026-04-01,4.0,series,original,Silver,action,0,0,2.0,0,1,0,1,1,0,0,1,-4.4119131861352425,0.04697662291271077
408,HACKS S3,3.0,2023-11-01,4.5,series,original,Silver,action,0,0,2.0,0,1,0,1,1,0,0,1,-4.4119131861352425,0.04697662291271077
409,RAP SHIT S2,2.0,2023-08-01,4.0,series,original,Silver,action,0,0,2.0,0,1,0,1,1,0,0,1,-4.4119131861352425,0.04697662291271077
410,HACKS S4 / TBD,4.0,2024-11-01,4.0,series,original,Silver,action,0,0,2.0,0,1,0,1,1,0,0,1,-4.4119131861352425,0.04697662291271077
411,RAP SH!T S3 / TBD MULTICAM,3.0,2024-08-01,4.0,series,original,Silver,action,0,0,2.0,0,1,0,1,1,0,0,1,-4.4119131861352425,0.04697662291271077
412,SEX LIVES OF COLLEGE GIRLS S4 / TBD,4.0,2025-05-01,5.0,series,original,Silver,action,0,0,2.0,0,1,0,1,1,0,0,1,-4.4119131861352425,0.04697662291271077
413,SEX LIVES OF COLLEGE GIRLS S5 / TBD,5.0,2026-05-01,5.0,series,original,Silver,action,0,0,2.0,0,1,0,1,1,0,0,1,-4.4119131861352425,0.04697662291271077
414,HOW TO BE A BOOKIE S1,1.0,2024-03-01,4.0,series,original,Silver,action,0,0,2.0,0,1,0,1,1,0,0,1,-4.4119131861352425,0.04697662291271077
415,HOW TO BE A BOOKIE S2 / TBD,2.0,2025-03-01,4.0,series,original,Silver,action,0,0,2.0,0,1,0,1,1,0,0,1,-4.4119131861352425,0.04697662291271077
416,HOW TO BE A BOOKIE S3 / TBD,3.0,2026-03-01,4.0,series,original,Silver,action,0,0,2.0,0,1,0,1,1,0,0,1,-4.4119131861352425,0.04697662291271077
417,2025 TBD HALF HOUR A S1,1.0,2025-04-01,4.0,series,original,Platinum,action,0,0,0.0,0,1,0,1,1,0,0,1,-2.2584216921675977,0.20900050130297163
418,2025 TBD HALF HOUR B S1,1.0,2025-03-01,3.0,series,original,Platinum,action,0,0,0.0,0,1,0,1,1,0,0,1,-2.2584216921675977,0.20900050130297163
419,2025 TBD HALF HOUR A S2,2.0,2026-04-01,4.0,series,original,Platinum,action,0,0,0.0,0,1,0,1,1,0,0,1,-2.2584216921675977,0.20900050130297163
420,2025 TBD HALF HOUR B S2,2.0,2026-03-01,3.0,series,original,Platinum,action,0,0,0.0,0,1,0,1,1,0,0,1,-2.2584216921675977,0.20900050130297163
421,AND JUST LIKE THAT S2,2.0,2023-06-01,5.5,series,original,Platinum,action,0,0,0.0,0,1,0,1,1,0,0,1,-2.2584216921675977,0.20900050130297163
422,AND JUST LIKE THAT S3 / TBD,3.0,2024-12-01,5.0,series,original,Platinum,action,0,0,0.0,0,1,0,1,1,0,0,1,-2.2584216921675977,0.20900050130297163
423,REALITY,,2023-05-01,1.5,movies,original,Gold,drama,0,0,1.0,1,0,0,1,0,0,1,1,-4.127274538645516,0.05722246517659916
424,SALEM'S LOT,,2024-10-01,2.0,movies,original,Gold,drama,0,0,1.0,1,0,0,1,0,0,1,1,-4.127274538645516,0.05722246517659916
425,HORIZON PART 2,,2025-04-01,2.0,movies,original,Gold,drama,0,0,1.0,1,0,0,1,0,0,1,1,-4.127274538645516,0.05722246517659916
426,HORIZON PART 1,,2025-01-01,2.0,movies,original,Gold,drama,0,0,1.0,1,0,0,1,0,0,1,1,-4.127274538645516,0.05722246517659916
427,THE PARENTING,,2024-07-01,2.0,movies,original,Gold,comedy,0,0,1.0,1,0,0,1,0,1,0,1,-3.840465546041406,0.06980791604369119
428,SWEETHEARTS,,2025-02-01,2.0,movies,original,Gold,comedy,0,0,1.0,1,0,0,1,0,1,0,1,-3.840465546041406,0.06980791604369119
429,FIXED,,2024-08-01,2.0,movies,original,Gold,comedy,0,0,1.0,1,0,0,1,0,1,0,1,-3.840465546041406,0.06980791604369119
430,THE BACK NINE,,2025-06-01,2.0,movies,original,Gold,comedy,0,0,1.0,1,0,0,1,0,1,0,1,-3.840465546041406,0.06980791604369119
431,COYOTE VS. ACME,,2024-09-01,2.0,movies,original,Gold,comedy,0,0,1.0,1,0,0,1,0,1,0,1,-3.840465546041406,0.06980791604369119
432,CLONE HIGH S1,1.0,2023-05-01,5.0,series,original,Silver,comedy,0,0,2.0,0,1,0,1,0,1,0,1,-4.493977851350145,0.044379036268385755
433,VELMA S1,1.0,2023-01-01,5.0,series,original,Silver,comedy,0,0,2.0,0,1,0,1,0,1,0,1,-4.493977851350145,0.044379036268385755
434,FIRED ON MARS S1,1.0,2023-04-01,4.0,series,original,Silver,comedy,0,0,2.0,0,1,0,1,0,1,0,1,-4.493977851350145,0.044379036268385755
435,HARLEY QUINN S4,4.0,2023-07-01,5.0,series,original,Silver,comedy,0,0,2.0,0,1,0,1,0,1,0,1,-4.493977851350145,0.044379036268385755
436,NOONAN'S S1,1.0,2024-04-01,5.0,series,original,Silver,comedy,0,0,2.0,0,1,0,1,0,1,0,1,-4.493977851350145,0.044379036268385755
437,CLONE HIGH S2,2.0,2024-05-01,5.0,series,original,Silver,comedy,0,0,2.0,0,1,0,1,0,1,0,1,-4.493977851350145,0.044379036268385755
438,VELMA S2A,2.0,2024-01-01,5.0,series,original,Silver,comedy,0,0,2.0,0,1,0,1,0,1,0,1,-4.493977851350145,0.044379036268385755
439,HARLEY QUINN S5,5.0,2024-11-01,5.0,series,original,Silver,comedy,0,0,2.0,0,1,0,1,0,1,0,1,-4.493977851350145,0.044379036268385755
440,CLONE HIGH S3 / TBD,3.0,2025-05-01,5.0,series,original,Silver,comedy,0,0,2.0,0,1,0,1,0,1,0,1,-4.493977851350145,0.044379036268385755
441,HARLEY QUINN S6 / TBD,6.0,2025-11-01,5.0,series,original,Silver,comedy,0,0,2.0,0,1,0,1,0,1,0,1,-4.493977851350145,0.044379036268385755
442,HARLEY QUINN S3B A VERY PROBLEMATIC VALENTINE'S DAY SPECIAL,1.0,2023-02-01,0.5,series,original,Silver,comedy,0,0,2.0,0,1,0,1,0,1,0,1,-4.493977851350145,0.044379036268385755
443,CREATURE COMMANDOS S1,1.0,2024-10-01,4.0,series,original,Silver,comedy,0,0,2.0,0,1,0,1,0,1,0,1,-4.493977851350145,0.044379036268385755
444,VELMA S2B SPECIAL,2.0,2024-01-01,0.75,series,original,Silver,comedy,0,0,2.0,0,1,0,1,0,1,0,1,-4.493977851350145,0.044379036268385755
445,CREATURE COMMANDOS S2 / TBD,2.0,2025-10-01,4.0,series,original,Silver,comedy,0,0,2.0,0,1,0,1,0,1,0,1,-4.493977851350145,0.044379036268385755
446,NOONAN'S S2 / TBD,2.0,2025-04-01,5.0,series,original,Silver,comedy,0,0,2.0,0,1,0,1,0,1,0,1,-4.493977851350145,0.044379036268385755
447,CREATURE COMMANDOS S3 / TBD,3.0,2026-10-01,4.0,series,original,Silver,comedy,0,0,2.0,0,1,0,1,0,1,0,1,-4.493977851350145,0.044379036268385755
448,NOONAN'S S3 / TBD,3.0,2026-04-01,5.0,series,original,Silver,comedy,0,0,2.0,0,1,0,1,0,1,0,1,-4.493977851350145,0.044379036268385755
449,CLONE HIGH S4 / TBD,4.0,2026-05-01,5.0,series,original,Silver,comedy,0,0,2.0,0,1,0,1,0,1,0,1,-4.493977851350145,0.044379036268385755
450,HARLEY QUINN S7 / TBD,7.0,2026-11-01,5.0,series,original,Silver,comedy,0,0,2.0,0,1,0,1,0,1,0,1,-4.493977851350145,0.044379036268385755
451,TBD GAME OF THRONES ANIMATION S1,1.0,2025-06-01,3.0,series,original,Gold,comedy,0,0,1.0,0,1,0,1,0,1,0,1,-3.555558314568494,0.08504921236245587
452,House Party,,2023-01-01,2.0,movies,acquired,Platinum,other,1,0,0.0,1,0,1,0,0,0,0,1,-2.0195638910332523,0.24663271889360705
453,Magic Mike 3,,2023-04-01,2.0,movies,acquired,Platinum,other,1,0,0.0,1,0,1,0,0,0,0,1,-2.0195638910332523,0.24663271889360705
454,Shazam! Fury of the Gods (DC),,2023-06-01,2.0,movies,acquired,Platinum,other,1,0,0.0,1,0,1,0,0,0,0,1,-2.0195638910332523,0.24663271889360705
455,Evil Dead Rise,,2023-06-01,2.0,movies,acquired,Platinum,other,1,0,0.0,1,0,1,0,0,0,0,1,-2.0195638910332523,0.24663271889360705
456,The Flash (DC),,2023-09-01,2.0,movies,acquired,Platinum,other,1,0,0.0,1,0,1,0,0,0,0,1,-2.0195638910332523,0.24663271889360705
457,Barbie,,2023-10-01,2.0,movies,acquired,Platinum,other,1,0,0.0,1,0,1,0,0,0,0,1,-2.0195638910332523,0.24663271889360705
458,The Meg 2,,2023-10-01,2.0,movies,acquired,Platinum,other,1,0,0.0,1,0,1,0,0,0,0,1,-2.0195638910332523,0.24663271889360705
459,Blue Beetle (DC),,2023-11-01,2.0,movies,acquired,Platinum,other,1,0,0.0,1,0,1,0,0,0,0,1,-2.0195638910332523,0.24663271889360705
460,The Nun 2,,2023-11-01,2.0,movies,acquired,Platinum,other,1,0,0.0,1,0,1,0,0,0,0,1,-2.0195638910332523,0.24663271889360705
461,Avatar 2: The Way of Water,,2023-04-01,2.0,movies,acquired,Platinum,other,1,0,0.0,1,0,1,0,0,0,0,1,-2.0195638910332523,0.24663271889360705
462,Dune 2,,2024-02-01,2.0,movies,acquired,Platinum,other,1,0,0.0,1,0,1,0,0,0,0,1,-2.0195638910332523,0.24663271889360705
463,Medium 2,,2024-02-01,2.0,movies,acquired,Platinum,other,1,0,0.0,1,0,1,0,0,0,0,1,-2.0195638910332523,0.24663271889360705
464,Wonka,,2024-03-01,2.0,movies,acquired,Platinum,other,1,0,0.0,1,0,1,0,0,0,0,1,-2.0195638910332523,0.24663271889360705
465,Aquaman & The Lost Kingdom (DC),,2024-03-01,2.0,movies,acquired,Platinum,other,1,0,0.0,1,0,1,0,0,0,0,1,-2.0195638910332523,0.24663271889360705
466,Tentpole 1 (DC),,2024-03-01,2.0,movies,acquired,Platinum,other,1,0,0.0,1,0,1,0,0,0,0,1,-2.0195638910332523,0.24663271889360705
467,Wise Guy,,2024-04-01,2.0,movies,acquired,Platinum,other,1,0,0.0,1,0,1,0,0,0,0,1,-2.0195638910332523,0.24663271889360705
468,Medium 3,,2024-04-01,2.0,movies,acquired,Platinum,other,1,0,0.0,1,0,1,0,0,0,0,1,-2.0195638910332523,0.24663271889360705
469,Tentpole 2 (DC),,2024-05-01,2.0,movies,acquired,Platinum,other,1,0,0.0,1,0,1,0,0,0,0,1,-2.0195638910332523,0.24663271889360705
470,Medium 1,,2024-06-01,2.0,movies,acquired,Platinum,other,1,0,0.0,1,0,1,0,0,0,0,1,-2.0195638910332523,0.24663271889360705
471,Tentpole 3 (DC),,2024-10-01,2.0,movies,acquired,Platinum,other,1,0,0.0,1,0,1,0,0,0,0,1,-2.0195638910332523,0.24663271889360705
472,Medium 4,,2024-11-01,2.0,movies,acquired,Platinum,other,1,0,0.0,1,0,1,0,0,0,0,1,-2.0195638910332523,0.24663271889360705
473,Tentpole 4,,2024-12-01,2.0,movies,acquired,Platinum,other,1,0,0.0,1,0,1,0,0,0,0,1,-2.0195638910332523,0.24663271889360705
474,Medium 1,,2025-02-01,2.0,movies,acquired,Platinum,other,1,0,0.0,1,0,1,0,0,0,0,1,-2.0195638910332523,0.24663271889360705
475,Tentpole 1 (DC),,2025-03-01,2.0,movies,acquired,Platinum,other,1,0,0.0,1,0,1,0,0,0,0,1,-2.0195638910332523,0.24663271889360705
476,Tentpole 2,,2025-04-01,2.0,movies,acquired,Platinum,other,1,0,0.0,1,0,1,0,0,0,0,1,-2.0195638910332523,0.24663271889360705
477,Tentpole 3 (DC),,2025-05-01,2.0,movies,acquired,Platinum,other,1,0,0.0,1,0,1,0,0,0,0,1,-2.0195638910332523,0.24663271889360705
478,Medium 2,,2025-06-01,2.0,movies,acquired,Platinum,other,1,0,0.0,1,0,1,0,0,0,0,1,-2.0195638910332523,0.24663271889360705
479,Medium 3,,2025-08-01,2.0,movies,acquired,Platinum,other,1,0,0.0,1,0,1,0,0,0,0,1,-2.0195638910332523,0.24663271889360705
480,Tentpole 4 (DC),,2025-10-01,2.0,movies,acquired,Platinum,other,1,0,0.0,1,0,1,0,0,0,0,1,-2.0195638910332523,0.24663271889360705
481,Medium 4,,2025-11-01,2.0,movies,acquired,Platinum,other,1,0,0.0,1,0,1,0,0,0,0,1,-2.0195638910332523,0.24663271889360705
482,Tentpole 5,,2025-12-01,2.0,movies,acquired,Platinum,other,1,0,0.0,1,0,1,0,0,0,0,1,-2.0195638910332523,0.24663271889360705
483,Placeholder Pay 1 - Warner,,2026-10-01,2.0,movies,acquired,Platinum,other,1,0,0.0,1,0,1,0,0,0,0,1,-2.0195638910332523,0.24663271889360705
484,Placeholder Pay 1 - Warner,,2026-11-01,2.0,movies,acquired,Platinum,other,1,0,0.0,1,0,1,0,0,0,0,1,-2.0195638910332523,0.24663271889360705
485,Placeholder Pay 1 - Warner,,2026-01-01,2.0,movies,acquired,Platinum,other,1,0,0.0,1,0,1,0,0,0,0,1,-2.0195638910332523,0.24663271889360705
486,Placeholder Pay 1 - Warner,,2026-02-01,2.0,movies,acquired,Platinum,other,1,0,0.0,1,0,1,0,0,0,0,1,-2.0195638910332523,0.24663271889360705
487,Placeholder Pay 1 - Warner,,2026-03-01,2.0,movies,acquired,Platinum,other,1,0,0.0,1,0,1,0,0,0,0,1,-2.0195638910332523,0.24663271889360705
488,Placeholder Pay 1 - Warner,,2026-05-01,2.0,movies,acquired,Platinum,other,1,0,0.0,1,0,1,0,0,0,0,1,-2.0195638910332523,0.24663271889360705
489,Placeholder Pay 1 - Warner,,2026-07-01,2.0,movies,acquired,Platinum,other,1,0,0.0,1,0,1,0,0,0,0,1,-2.0195638910332523,0.24663271889360705
490,Placeholder Pay 1 - Warner,,2026-09-01,2.0,movies,acquired,Platinum,other,1,0,0.0,1,0,1,0,0,0,0,1,-2.0195638910332523,0.24663271889360705
491,Placeholder Pay 1 - Warner,,2026-10-01,2.0,movies,acquired,Platinum,other,1,0,0.0,1,0,1,0,0,0,0,1,-2.0195638910332523,0.24663271889360705
492,Placeholder Pay 1 - Warner,,2027-08-01,2.0,movies,acquired,Platinum,other,1,0,0.0,1,0,1,0,0,0,0,1,-2.0195638910332523,0.24663271889360705
493,Placeholder Pay 1 - Warner,,2027-09-01,2.0,movies,acquired,Platinum,other,1,0,0.0,1,0,1,0,0,0,0,1,-2.0195638910332523,0.24663271889360705
494,Placeholder Pay 1 - Warner,,2027-11-01,2.0,movies,acquired,Platinum,other,1,0,0.0,1,0,1,0,0,0,0,1,-2.0195638910332523,0.24663271889360705
495,Placeholder Pay 1 - Warner,,2027-12-01,2.0,movies,acquired,Platinum,other,1,0,0.0,1,0,1,0,0,0,0,1,-2.0195638910332523,0.24663271889360705
496,Placeholder Pay 1 - Warner,,2027-01-01,2.0,movies,acquired,Platinum,other,1,0,0.0,1,0,1,0,0,0,0,1,-2.0195638910332523,0.24663271889360705
497,Placeholder Pay 1 - Warner,,2027-03-01,2.0,movies,acquired,Platinum,other,1,0,0.0,1,0,1,0,0,0,0,1,-2.0195638910332523,0.24663271889360705
498,Placeholder Pay 1 - Warner,,2027-05-01,2.0,movies,acquired,Platinum,other,1,0,0.0,1,0,1,0,0,0,0,1,-2.0195638910332523,0.24663271889360705
499,Placeholder Pay 1 - Warner,,2027-07-01,2.0,movies,acquired,Platinum,other,1,0,0.0,1,0,1,0,0,0,0,1,-2.0195638910332523,0.24663271889360705
500,Placeholder Pay 1 - Warner,,2027-08-01,2.0,movies,acquired,Platinum,other,1,0,0.0,1,0,1,0,0,0,0,1,-2.0195638910332523,0.24663271889360705
501,Placeholder Pay 1 - Warner,,2028-06-01,2.0,movies,acquired,Platinum,other,1,0,0.0,1,0,1,0,0,0,0,1,-2.0195638910332523,0.24663271889360705
502,Placeholder Pay 1 - Warner,,2028-07-01,2.0,movies,acquired,Platinum,other,1,0,0.0,1,0,1,0,0,0,0,1,-2.0195638910332523,0.24663271889360705
503,Placeholder Pay 1 - Warner,,2028-09-01,2.0,movies,acquired,Platinum,other,1,0,0.0,1,0,1,0,0,0,0,1,-2.0195638910332523,0.24663271889360705
504,Placeholder Pay 1 - Warner,,2028-10-01,2.0,movies,acquired,Platinum,other,1,0,0.0,1,0,1,0,0,0,0,1,-2.0195638910332523,0.24663271889360705
505,Placeholder Pay 1 - Warner,,2028-11-01,2.0,movies,acquired,Platinum,other,1,0,0.0,1,0,1,0,0,0,0,1,-2.0195638910332523,0.24663271889360705
506,Placeholder Pay 1 - Warner,,2028-01-01,2.0,movies,acquired,Platinum,other,1,0,0.0,1,0,1,0,0,0,0,1,-2.0195638910332523,0.24663271889360705
507,Placeholder Pay 1 - Warner,,2028-03-01,2.0,movies,acquired,Platinum,other,1,0,0.0,1,0,1,0,0,0,0,1,-2.0195638910332523,0.24663271889360705
508,Placeholder Pay 1 - Warner,,2028-05-01,2.0,movies,acquired,Platinum,other,1,0,0.0,1,0,1,0,0,0,0,1,-2.0195638910332523,0.24663271889360705
509,Placeholder Pay 1 - Warner,,2028-06-01,2.0,movies,acquired,Platinum,other,1,0,0.0,1,0,1,0,0,0,0,1,-2.0195638910332523,0.24663271889360705
510,A24 Pay-1 Film,,2024-03-01,2.0,movies,acquired,Platinum,other,1,0,0.0,1,0,1,0,0,0,0,1,-2.0195638910332523,0.24663271889360705
511,A24 Pay-1 Film,,2025-03-01,2.0,movies,acquired,Platinum,other,1,0,0.0,1,0,1,0,0,0,0,1,-2.0195638910332523,0.24663271889360705
512,A24 Pay-1 Film,,2026-03-01,2.0,movies,acquired,Platinum,other,1,0,0.0,1,0,1,0,0,0,0,1,-2.0195638910332523,0.24663271889360705
0,US Linear 3P Ouput Deal Films,,2023-01-01,2.0,movies,acquired,ACQ,other,0,0,3.0,1,0,1,0,0,0,0,0,0.0,
1,US Linear 3P Other Films,,2023-01-01,2.0,movies,acquired,ACQ,other,0,0,3.0,1,0,1,0,0,0,0,0,0.0,
2,US Linear I/C Output Deal Films Incl. Through 27,,2023-01-01,2.0,movies,acquired,ACQ,other,0,0,3.0,1,0,1,0,0,0,0,0,0.0,
3,US Linear I/C Other Films,,2023-01-01,2.0,movies,acquired,ACQ,other,0,0,3.0,1,0,1,0,0,0,0,0,0.0,
4,US Linear Assumed (Essentially Committed),,2023-01-01,2.0,movies,acquired,ACQ,other,0,0,3.0,1,0,1,0,0,0,0,0,0.0,
5,US Max 3P Acquisitions - Feature Committed,,2023-01-01,2.0,movies,acquired,ACQ,other,0,0,3.0,1,0,1,0,0,0,0,0,0.0,
6,US Max 3P Acquisitions - Series Committed,,2023-01-01,2.0,movies,acquired,ACQ,other,0,0,3.0,1,0,1,0,0,0,0,0,0.0,
7,US Max I/C Acquisitions - Feature Committed,,2023-01-01,2.0,movies,acquired,ACQ,other,0,0,3.0,1,0,1,0,0,0,0,0,0.0,
8,US Max I/C Acquisitions - Feature (Essentially Committed) True up to Budget Through MAX FEATURES,,2023-01-01,2.0,movies,acquired,ACQ,other,0,0,3.0,1,0,1,0,0,0,0,0,0.0,
9,US Max I/C Acquisitions - Series Committed,,2023-01-01,2.0,movies,acquired,ACQ,other,0,0,3.0,1,0,1,0,0,0,0,0,0.0,
10,US Max I/C Acquisitions - New Renewals,,2023-01-01,2.0,movies,acquired,ACQ,other,0,0,3.0,1,0,1,0,0,0,0,0,0.0,
11,US Max I/C aLWAYS ON Series Acquisitions (Essentially Committed),,2023-01-01,2.0,movies,acquired,ACQ,other,0,0,3.0,1,0,1,0,0,0,0,0,0.0,
12,US Max I/C aLWAYS ON Movie Acquisitions (Essentially Committed),,2023-01-01,2.0,movies,acquired,ACQ,other,0,0,3.0,1,0,1,0,0,0,0,0,0.0,
13,Discovery Linear,,2023-01-01,2.0,movies,acquired,ACQ,other,0,0,3.0,1,0,1,0,0,0,0,0,0.0,
14,Dry Powder,,2023-01-01,2.0,movies,acquired,ACQ,other,0,0,3.0,1,0,1,0,0,0,0,0,0.0,
15,US Committed ACQ Cash,,2023-01-01,2.0,movies,acquired,ACQ,other,0,0,3.0,1,0,1,0,0,0,0,0,0.0,
16,US Priority Uncommitted ACQ Cash,,2023-01-01,2.0,movies,acquired,ACQ,other,0,0,3.0,1,0,1,0,0,0,0,0,0.0,
17,US Soccer Rights,,2023-01-01,2.0,movies,acquired,ACQ,other,0,0,3.0,1,0,1,0,0,0,0,0,0.0,
18,AFTER THE BITE,,2023-07-01,1.5,movies,original,Bronze,other,0,0,3.0,1,0,0,1,0,0,0,0,0.0,
19,STEVEN VAN ZANDT: DISCIPLE,,2023-12-01,1.5,movies,original,Bronze,other,0,0,3.0,1,0,0,1,0,0,0,0,0.0,
20,STEVE WAY SPECIAL,,2024-03-01,1.0,movies,original,Bronze,other,0,0,3.0,1,0,0,1,0,0,0,0,0.0,
21,BS HIGH,,2023-08-01,1.5,movies,original,Bronze,other,0,0,3.0,1,0,0,1,0,0,0,0,0.0,
22,2023 TBD SPECIALS,,2023-06-01,5.0,movies,original,Bronze,other,0,0,3.0,1,0,0,1,0,0,0,0,0.0,
23,PETE ROSE DOC,,2025-03-01,3.0,movies,original,Bronze,other,0,0,3.0,1,0,0,1,0,0,0,0,0.0,
24,LAST STOP LARRIMAH,,2023-10-01,1.5,movies,original,Bronze,other,0,0,3.0,1,0,0,1,0,0,0,0,0.0,
25,NO ACCIDENT,,2023-10-01,1.5,movies,original,Bronze,other,0,0,3.0,1,0,0,1,0,0,0,0,0.0,
26,TAYLOR MAC'S 24-DECADE HISTORY OF POPULAR MUSIC,,2023-06-01,1.5,movies,original,Bronze,other,0,0,3.0,1,0,0,1,0,0,0,0,0.0,
27,ALL THAT BREATHES,,2023-02-01,1.5,movies,original,Bronze,other,0,0,3.0,1,0,0,1,0,0,0,0,0.0,
28,BORDERLANDS,,2024-10-01,1.5,movies,original,Bronze,other,0,0,3.0,1,0,0,1,0,0,0,0,0.0,
29,COUNTRY DOCTOR,,2024-12-01,1.5,movies,original,Bronze,other,0,0,3.0,1,0,0,1,0,0,0,0,0.0,
30,DANIEL,,2023-12-01,1.5,movies,original,Bronze,other,0,0,3.0,1,0,0,1,0,0,0,0,0.0,
31,DONYALE LUNA: SUPERMODEL,,2023-09-01,1.5,movies,original,Bronze,other,0,0,3.0,1,0,0,1,0,0,0,0,0.0,
32,"GREAT PHOTO, LOVELY LIFE",,2023-11-01,1.5,movies,original,Bronze,other,0,0,3.0,1,0,0,1,0,0,0,0,0.0,
33,LION QUEEN,,2025-02-01,1.5,movies,original,Bronze,other,0,0,3.0,1,0,0,1,0,0,0,0,0.0,
34,1000% ME: GROWING UP MIXED,,2023-05-01,1.5,movies,original,Bronze,other,0,0,3.0,1,0,0,1,0,0,0,0,0.0,
35,ESPIONAGE,,2024-02-01,1.5,movies,original,Bronze,other,0,0,3.0,1,0,0,1,0,0,0,0,0.0,
36,SUPERBUG,,2025-03-01,1.5,movies,original,Bronze,other,0,0,3.0,1,0,0,1,0,0,0,0,0.0,
37,TREES AND OTHER ENTANGLEMENTS,,2023-12-01,1.5,movies,original,Bronze,other,0,0,3.0,1,0,0,1,0,0,0,0,0.0,
38,NICKY NODJOUMI PROJECT,,2024-04-01,1.5,movies,original,Bronze,other,0,0,3.0,1,0,0,1,0,0,0,0,0.0,
39,YOU WERE MY FIRST BOYFRIEND,,2023-11-01,1.5,movies,original,Bronze,other,0,0,3.0,1,0,0,1,0,0,0,0,0.0,
40,MARC MARON: FROM BLEAK TO DARK,,2023-02-01,1.0,movies,original,Bronze,other,0,0,3.0,1,0,0,1,0,0,0,0,0.0,
41,SAM JAY SPECIAL,,2023-09-01,1.0,movies,original,Bronze,other,0,0,3.0,1,0,0,1,0,0,0,0,0.0,
42,WE DON'T BREAK,,2023-10-01,1.5,movies,original,Bronze,other,0,0,3.0,1,0,0,1,0,0,0,0,0.0,
43,LOGICAL PROGRESSION,,2024-01-01,1.5,movies,original,Bronze,other,0,0,3.0,1,0,0,1,0,0,0,0,0.0,
44,BARRY BONDS PROJECT,,2025-07-01,3.0,movies,original,Bronze,other,0,0,3.0,1,0,0,1,0,0,0,0,0.0,
45,HOW WE GET FREE,,2023-10-01,0.5,movies,original,Bronze,other,0,0,3.0,1,0,0,1,0,0,0,0,0.0,
46,TIME BOMB Y2K,,2023-12-01,1.5,movies,original,Bronze,other,0,0,3.0,1,0,0,1,0,0,0,0,0.0,
47,THE WELCOME TABLE,,2025-04-01,1.5,movies,original,Bronze,other,0,0,3.0,1,0,0,1,0,0,0,0,0.0,
48,BEHIND THE COIN,,2024-02-01,1.5,movies,original,Bronze,other,0,0,3.0,1,0,0,1,0,0,0,0,0.0,
49,THE STROLL,,2023-06-01,1.5,movies,original,Bronze,other,0,0,3.0,1,0,0,1,0,0,0,0,0.0,
50,MR. CHOW,,2023-11-01,1.5,movies,original,Bronze,other,0,0,3.0,1,0,0,1,0,0,0,0,0.0,
51,ROCK HUDSON: ALL THAT HEAVEN ALLOWED,,2023-06-01,1.5,movies,original,Bronze,other,0,0,3.0,1,0,0,1,0,0,0,0,0.0,
52,THE AAPI LIST,,2024-11-01,1.5,movies,original,Bronze,other,0,0,3.0,1,0,0,1,0,0,0,0,0.0,
53,SOUTH TO BLACK POWER,,2023-11-01,1.5,movies,original,Bronze,other,0,0,3.0,1,0,0,1,0,0,0,0,0.0,
54,DAVID HOLMES PROJECT,,2023-11-01,1.5,movies,original,Bronze,other,0,0,3.0,1,0,0,1,0,0,0,0,0.0,
55,SLAVE PLAY PROJECT,,2024-06-01,1.5,movies,original,Bronze,other,0,0,3.0,1,0,0,1,0,0,0,0,0.0,
56,OKLAHOMA CITY BOMBING,,2024-04-01,1.5,movies,original,Bronze,other,0,0,3.0,1,0,0,1,0,0,0,0,0.0,
57,ALL THE BEAUTY AND THE BLOODSHED,,2023-03-01,2.0,movies,original,Bronze,other,0,0,3.0,1,0,0,1,0,0,0,0,0.0,
58,FLORIDA MAN,,2023-09-01,1.0,movies,original,Bronze,other,0,0,3.0,1,0,0,1,0,0,0,0,0.0,
59,HARD KNOCKS IN SEASON S3,3.0,2023-11-01,9.0,movies,original,Bronze,other,0,0,3.0,1,0,0,1,0,0,0,0,0.0,
60,PAROLE PREP,,2025-01-01,1.5,movies,original,Bronze,other,0,0,3.0,1,0,0,1,0,0,0,0,0.0,
61,MS. MAGAZINE 50TH ANNIVERSARY PROJECT,,2024-07-01,1.5,movies,original,Bronze,other,0,0,3.0,1,0,0,1,0,0,0,0,0.0,
62,NANFU WANG CUBA PROJECT,,2025-02-01,1.5,movies,original,Bronze,other,0,0,3.0,1,0,0,1,0,0,0,0,0.0,
63,MUSIC BOX: JASON ISBELL: RUNNING WITH OUR EYES CLOSED,,2023-04-01,1.5,movies,original,Bronze,other,0,0,3.0,1,0,0,1,0,0,0,0,0.0,
64,MUSIC BOX S2,,2023-04-01,12.0,movies,original,Bronze,other,0,0,3.0,1,0,0,1,0,0,0,0,0.0,
65,SYNANON,,2024-09-01,3.0,movies,original,Bronze,other,0,0,3.0,1,0,0,1,0,0,0,0,0.0,
66,APRIL AND AMANDA,,2025-06-01,1.5,movies,original,Bronze,other,0,0,3.0,1,0,0,1,0,0,0,0,0.0,
67,NEAR SPACE,,2025-02-01,1.5,movies,original,Bronze,other,0,0,3.0,1,0,0,1,0,0,0,0,0.0,
68,DARK MONEY PROJECT,,2025-01-01,2.0,movies,original,Bronze,other,0,0,3.0,1,0,0,1,0,0,0,0,0.0,
69,MOTHERCUTTERS,,2025-05-01,1.5,movies,original,Bronze,other,0,0,3.0,1,0,0,1,0,0,0,0,0.0,
70,SOPRANOS DOC,,2025-10-01,1.5,movies,original,Bronze,other,0,0,3.0,1,0,0,1,0,0,0,0,0.0,
71,HARD KNOCKS IN SEASON S4,4.0,2024-11-01,9.0,movies,original,Bronze,other,0,0,3.0,1,0,0,1,0,0,0,0,0.0,
72,HARD KNOCKS IN SEASON S5,5.0,2025-11-01,9.0,movies,original,Bronze,other,0,0,3.0,1,0,0,1,0,0,0,0,0.0,
73,HOW DO YOU MEASURE A YEAR,,2023-06-01,0.5,movies,original,Bronze,other,0,0,3.0,1,0,0,1,0,0,0,0,0.0,
74,LEO REICH SPECIAL,,2023-12-01,1.0,movies,original,Bronze,other,0,0,3.0,1,0,0,1,0,0,0,0,0.0,
75,THE LIONHEART,,2024-03-01,1.5,movies,original,Bronze,other,0,0,3.0,1,0,0,1,0,0,0,0,0.0,
76,US SOCCER 2024,,2024-07-01,1.5,movies,original,Bronze,other,0,0,3.0,1,0,0,1,0,0,0,0,0.0,
77,THE DARK WIZARD,,2025-08-01,1.5,movies,original,Bronze,other,0,0,3.0,1,0,0,1,0,0,0,0,0.0,
78,US SOCCER 2025,,2025-10-01,1.5,movies,original,Bronze,other,0,0,3.0,1,0,0,1,0,0,0,0,0.0,
79,US SOCCER 2026,,2026-05-01,5.0,movies,original,Bronze,other,0,0,3.0,1,0,0,1,0,0,0,0,0.0,
80,HARD KNOCKS IN SEASON S6,,2026-11-01,9.0,movies,original,Bronze,other,0,0,3.0,1,0,0,1,0,0,0,0,0.0,
81,DIONNE WARWICK: DON'T MAKE ME OVER (CNN),,2023-02-01,1.5,movies,original,Bronze,other,0,0,3.0,1,0,0,1,0,0,0,0,0.0,
82,JOHN EARLY,,2023-06-01,1.0,movies,original,Bronze,other,0,0,3.0,1,0,0,1,0,0,0,0,0.0,
83,CONAN O'BRIEN PRESENTS...,,2023-10-01,1.0,movies,original,Bronze,other,0,0,3.0,1,0,0,1,0,0,0,0,0.0,
84,CONAN O'BRIEN PRESENTS: ASIF ALI,,2023-10-01,1.0,movies,original,Bronze,other,0,0,3.0,1,0,0,1,0,0,0,0,0.0,
85,TRACY MORGAN SPECIAL,,2023-08-01,1.0,movies,original,Bronze,other,0,0,3.0,1,0,0,1,0,0,0,0,0.0,
86,AMERICAN PAIN (CNN),,2023-06-01,1.75,movies,original,Bronze,other,0,0,3.0,1,0,0,1,0,0,0,0,0.0,
87,GLITCH: THE RISE AND FALL OF HQ TRIVIA (CNN),,2023-07-01,1.75,movies,original,Bronze,other,0,0,3.0,1,0,0,1,0,0,0,0,0.0,
88,LITTLE RICHARD: I AM EVERYTHING (CNN),,2023-09-01,1.75,movies,original,Bronze,other,0,0,3.0,1,0,0,1,0,0,0,0,0.0,
89,THE COLOR PURPLE BEHIND THE SCENES,,2024-02-01,1.5,movies,original,Bronze,other,0,0,3.0,1,0,0,1,0,0,0,0,0.0,
90,MARLON WAYANS: GOD LOVES ME,,2023-03-01,1.0,movies,original,Bronze,other,0,0,3.0,1,0,0,1,0,0,0,0,0.0,
91,CHOWCHILLA,,2023-12-01,1.75,movies,original,Bronze,other,0,0,3.0,1,0,0,1,0,0,0,0,0.0,
219,BURDEN OF PROOF,1.0,2023-06-01,4.0,series,original,Bronze,other,0,0,3.0,0,1,0,1,0,0,0,0,0.0,
220,GAME THEORY S2,2.0,2023-01-01,5.0,series,original,Bronze,other,0,0,3.0,0,1,0,1,0,0,0,0,0.0,
221,REAL SPORTS S29,29.0,2023-01-01,12.0,series,original,Bronze,other,0,0,3.0,0,1,0,1,0,0,0,0,0.0,
222,REAL TIME WITH BILL MAHER S21,21.0,2023-01-01,35.0,series,original,Bronze,other,0,0,3.0,0,1,0,1,0,0,0,0,0.0,
223,EDGE OF THE EARTH S2,2.0,2025-10-01,4.0,series,original,Bronze,other,0,0,3.0,0,1,0,1,0,0,0,0,0.0,
224,REAL SPORTS S30,30.0,2024-01-01,12.0,series,original,Bronze,other,0,0,3.0,0,1,0,1,0,0,0,0,0.0,
225,REAL TIME WITH BILL MAHER S22,22.0,2024-01-01,35.0,series,original,Bronze,other,0,0,3.0,0,1,0,1,0,0,0,0,0.0,
226,REAL TIME WITH BILL MAHER S23,23.0,2025-01-01,35.0,series,original,Bronze,other,0,0,3.0,0,1,0,1,0,0,0,0,0.0,
227,GAME THEORY S4,4.0,2025-03-01,3.0,series,original,Bronze,other,0,0,3.0,0,1,0,1,0,0,0,0,0.0,
228,SAVIOR COMPLEX,1.0,2023-07-01,3.0,series,original,Bronze,other,0,0,3.0,0,1,0,1,0,0,0,0,0.0,
229,GOD SAVE TEXAS: PRISONS,1.0,2024-03-01,4.5,series,original,Bronze,other,0,0,3.0,0,1,0,1,0,0,0,0,0.0,
230,STAX,1.0,2023-10-01,4.0,series,original,Bronze,other,0,0,3.0,0,1,0,1,0,0,0,0,0.0,
231,GAME THEORY S3,3.0,2024-03-01,5.0,series,original,Bronze,other,0,0,3.0,0,1,0,1,0,0,0,0,0.0,
232,REAL SPORTS S31,31.0,2025-01-01,12.0,series,original,Bronze,other,0,0,3.0,0,1,0,1,0,0,0,0,0.0,
233,PAINTING WITH JOHN S3,3.0,2023-06-01,3.0,series,original,Bronze,other,0,0,3.0,0,1,0,1,0,0,0,0,0.0,
234,THE FIX,1.0,2024-10-01,2.0,series,original,Bronze,other,0,0,3.0,0,1,0,1,0,0,0,0,0.0,
235,NAVAJO POLICE: CLASS 57,1.0,2023-11-01,3.0,series,original,Bronze,other,0,0,3.0,0,1,0,1,0,0,0,0,0.0,
236,100 FOOT WAVE S3,3.0,2025-04-01,6.0,series,original,Bronze,other,0,0,3.0,0,1,0,1,0,0,0,0,0.0,
237,WE'RE HERE S4,4.0,2024-04-01,6.0,series,original,Bronze,other,0,0,3.0,0,1,0,1,0,0,0,0,0.0,
238,REAL TIME WITH BILL MAHER S24,24.0,2026-01-01,35.0,series,original,Bronze,other,0,0,3.0,0,1,0,1,0,0,0,0,0.0,
239,GAME THEORY S5,5.0,2026-03-01,3.0,series,original,Bronze,other,0,0,3.0,0,1,0,1,0,0,0,0,0.0,
240,REAL SPORTS S32,32.0,2026-01-01,12.0,series,original,Bronze,other,0,0,3.0,0,1,0,1,0,0,0,0,0.0,
241,BEA'S BLOCK S1A,1.0,2024-02-01,3.0,series,original,Bronze,other,0,0,3.0,0,1,0,1,0,0,0,0,0.0,
242,GREMLINS: SECRETS OF THE MOGWAI S1,1.0,2023-05-01,5.0,series,original,Bronze,other,0,0,3.0,0,1,0,1,0,0,0,0,0.0,
243,SUPERPOWERED: THE DC STORY,1.0,2023-07-01,3.0,series,original,Bronze,other,0,0,3.0,0,1,0,1,0,0,0,0,0.0,
244,LOONEY TUNES SEASON -1_J,1.0,2023-07-01,2.0,series,original,Bronze,other,0,0,3.0,0,1,0,1,0,0,0,0,0.0,
245,BEA'S BLOCK S1B,1.0,2024-02-01,2.75,series,original,Bronze,other,0,0,3.0,0,1,0,1,0,0,0,0,0.0,
246,SWIPING ACROSS AMERICA S1,1.0,2023-06-01,8.0,series,original,Bronze,other,0,0,3.0,0,1,0,1,0,0,0,0,0.0,
247,AN UPDATE ON OUR FAMILY,1.0,2024-01-01,3.0,series,original,Bronze,other,0,0,3.0,0,1,0,1,0,0,0,0,0.0,
248,PROJECT GREENLIGHT S1,1.0,2023-07-01,10.0,series,original,Bronze,other,0,0,3.0,0,1,0,1,0,0,0,0,0.0,
249,WARNER BROS 100 YEARS DOCUSERIES,1.0,2023-05-01,4.0,series,original,Bronze,other,0,0,3.0,0,1,0,1,0,0,0,0,0.0,
250,TOTAL DRAMA ISLAND S1A,1.0,2024-03-01,6.5,series,original,Bronze,other,0,0,3.0,0,1,0,1,0,0,0,0,0.0,
251,JESSICA'S BIG LITTLE WORLD -S1A,1.0,2023-12-01,1.25,series,original,Bronze,other,0,0,3.0,0,1,0,1,0,0,0,0,0.0,
252,"TOTAL DRAMARAMA: A VERY SPECIAL, SPECIAL THAT'S QUITE SPECIAL",1.0,2023-05-01,2.0,series,original,Bronze,other,0,0,3.0,0,1,0,1,0,0,0,0,0.0,
253,TRAVELERS OF MURPHY VILLAGE,1.0,2025-01-01,3.0,series,original,Bronze,other,0,0,3.0,0,1,0,1,0,0,0,0,0.0,
254,JESSICA'S BIG LITTLE WORLD -S1B,1.0,2024-01-01,1.25,series,original,Bronze,other,0,0,3.0,0,1,0,1,0,0,0,0,0.0,
255,GREMLINS: SECRETS OF THE MOGWAI S2,2.0,2024-10-01,5.0,series,original,Bronze,other,0,0,3.0,0,1,0,1,0,0,0,0,0.0,
256,"BATWHEELS -1H, I",1.0,2023-10-01,2.25,series,original,Bronze,other,0,0,3.0,0,1,0,1,0,0,0,0,0.0,
257,"CRAIG OF THE CREEK: THE WATERS OF
FATE",1.0,2024-01-01,2.0,series,original,Bronze,other,0,0,3.0,0,1,0,1,0,0,0,0,0.0,
258,JESSICA'S BIG LITTLE WORLD -S1C,1.0,2024-03-01,1.25,series,original,Bronze,other,0,0,3.0,0,1,0,1,0,0,0,0,0.0,
259,SESAME S-54 (35),54.0,2023-11-01,17.5,series,original,Bronze,other,0,0,3.0,0,1,0,1,0,0,0,0,0.0,
260,BATWHEELS - S2A,2.0,2024-03-01,2.5,series,original,Bronze,other,0,0,3.0,0,1,0,1,0,0,0,0,0.0,
261,JESSICA'S BIG LITTLE WORLD -S1D,1.0,2024-05-01,1.25,series,original,Bronze,other,0,0,3.0,0,1,0,1,0,0,0,0,0.0,
262,SESAME S-55 (35),55.0,2024-11-01,17.5,series,original,Bronze,other,0,0,3.0,0,1,0,1,0,0,0,0,0.0,
263,BATWHEELS - S2B,2.0,2024-06-01,2.5,series,original,Bronze,other,0,0,3.0,0,1,0,1,0,0,0,0,0.0,
264,SESAME STREET S56 / TBD,56.0,2025-11-01,17.5,series,original,Bronze,other,0,0,3.0,0,1,0,1,0,0,0,0,0.0,
265,BARNEY - S1A,1.0,2024-09-01,2.75,series,original,Bronze,other,0,0,3.0,0,1,0,1,0,0,0,0,0.0,
266,BATWHEELS - 2C,2.0,2024-09-01,2.5,series,original,Bronze,other,0,0,3.0,0,1,0,1,0,0,0,0,0.0,
267,HOP S1A,1.0,2024-04-01,3.5,series,original,Bronze,other,0,0,3.0,0,1,0,1,0,0,0,0,0.0,
268,HOP S1B,1.0,2025-03-01,3.5,series,original,Bronze,other,0,0,3.0,0,1,0,1,0,0,0,0,0.0,
269,IYANU: CHILD OF WONDER - S1A,1.0,2024-11-01,5.0,series,original,Bronze,other,0,0,3.0,0,1,0,1,0,0,0,0,0.0,
270,IYANU: CHILD OF WONDER - S1B,1.0,2025-02-01,1.5,series,original,Bronze,other,0,0,3.0,0,1,0,1,0,0,0,0,0.0,
271,JELLYSTONE - S3A,3.0,2024-01-01,5.0,series,original,Bronze,other,0,0,3.0,0,1,0,1,0,0,0,0,0.0,
272,JELLYSTONE - S3B,3.0,2024-01-01,5.0,series,original,Bronze,other,0,0,3.0,0,1,0,1,0,0,0,0,0.0,
273,SCOOBY DOO AND THE MYSTERY PUPS -S1A,1.0,2024-10-01,2.5,series,original,Bronze,other,0,0,3.0,0,1,0,1,0,0,0,0,0.0,
274,SCOOBY DOO AND THE MYSTERY PUPS -S1B,1.0,2023-09-01,2.5,series,original,Bronze,other,0,0,3.0,0,1,0,1,0,0,0,0,0.0,
275,CONAN TRAVEL SERIES,1.0,2023-10-01,4.0,series,original,Bronze,other,0,0,3.0,0,1,0,1,0,0,0,0,0.0,
276,HOME SWEET ROME S1,1.0,2024-04-01,3.25,series,original,Bronze,other,0,0,3.0,0,1,0,1,0,0,0,0,0.0,
277,TOAD AND FRIENDS S1A,1.0,2024-05-01,3.25,series,original,Bronze,other,0,0,3.0,0,1,0,1,0,0,0,0,0.0,
278,DYLAN S1A,1.0,2024-06-01,3.25,series,original,Bronze,other,0,0,3.0,0,1,0,1,0,0,0,0,0.0,
279,DYLAN S1B,1.0,2025-03-01,3.25,series,original,Bronze,other,0,0,3.0,0,1,0,1,0,0,0,0,0.0,
280,TOAD AND FRIENDS S1B,1.0,2024-12-01,3.25,series,original,Bronze,other,0,0,3.0,0,1,0,1,0,0,0,0,0.0,
281,BEA'S BLOCK S1C,1.0,2024-02-01,2.0,series,original,Bronze,other,0,0,3.0,0,1,0,1,0,0,0,0,0.0,
282,DYLAN S1C,1.0,2025-01-01,3.25,series,original,Bronze,other,0,0,3.0,0,1,0,1,0,0,0,0,0.0,
283,MERMICORNO S1,1.0,2025-01-01,3.25,series,original,Bronze,other,0,0,3.0,0,1,0,1,0,0,0,0,0.0,
284,AQUAGIRL S1 / TBD,1.0,2025-02-01,1.25,series,original,Bronze,other,0,0,3.0,0,1,0,1,0,0,0,0,0.0,
285,TOTAL DRAMA ISLAND S1B,1.0,2025-03-01,6.5,series,original,Bronze,other,0,0,3.0,0,1,0,1,0,0,0,0,0.0,
286,BARNEY - S1B,1.0,2025-03-01,2.75,series,original,Bronze,other,0,0,3.0,0,1,0,1,0,0,0,0,0.0,
287,IYANU: CHILD OF WONDER - S1C,1.0,2025-04-01,5.0,series,original,Bronze,other,0,0,3.0,0,1,0,1,0,0,0,0,0.0,
288,HOP S1C,1.0,2025-04-01,3.25,series,original,Bronze,other,0,0,3.0,0,1,0,1,0,0,0,0,0.0,
289,BEA'S BLOCK S1D,1.0,2025-05-01,2.5,series,original,Bronze,other,0,0,3.0,0,1,0,1,0,0,0,0,0.0,
290,TOAD AND FRIENDS S1C,1.0,2025-05-01,3.25,series,original,Bronze,other,0,0,3.0,0,1,0,1,0,0,0,0,0.0,
291,SCOOBY DOO AND THE MYSTERY PUPS -S1C,1.0,2025-05-01,2.5,series,original,Bronze,other,0,0,3.0,0,1,0,1,0,0,0,0,0.0,
292,IYANU: CHILD OF WONDER - S1D,1.0,2025-06-01,1.5,series,original,Bronze,other,0,0,3.0,0,1,0,1,0,0,0,0,0.0,
293,BARNEY S1C,1.0,2024-09-01,2.5,series,original,Bronze,other,0,0,3.0,0,1,0,1,0,0,0,0,0.0,
294,JELLYSTONE S4 / FRANCHISE SERIES TBD '25,1.0,2025-07-01,2.5,series,original,Bronze,other,0,0,3.0,0,1,0,1,0,0,0,0,0.0,
295,ISADORA MOON S1A,1.0,2025-07-01,3.5,series,original,Bronze,other,0,0,3.0,0,1,0,1,0,0,0,0,0.0,
296,HOP S1D,1.0,2025-08-01,3.25,series,original,Bronze,other,0,0,3.0,0,1,0,1,0,0,0,0,0.0,
297,DYLAN S1D,1.0,2025-09-01,3.25,series,original,Bronze,other,0,0,3.0,0,1,0,1,0,0,0,0,0.0,
298,BARNEY S1D,1.0,2025-09-01,2.5,series,original,Bronze,other,0,0,3.0,0,1,0,1,0,0,0,0,0.0,
299,CHARLOTTE'S WEB,1.0,2025-10-01,3.0,series,original,Bronze,other,0,0,3.0,0,1,0,1,0,0,0,0,0.0,
300,SCOOBY DOO & THE MYSTERY PUPS S1D,1.0,2025-10-01,2.5,series,original,Bronze,other,0,0,3.0,0,1,0,1,0,0,0,0,0.0,
301,GREMLINS: SECRETS OF THE MOGWAI S3 / TBD SERIES,3.0,2025-11-01,5.0,series,original,Bronze,other,0,0,3.0,0,1,0,1,0,0,0,0,0.0,
302,TOAD AND FRIENDS S1D,1.0,2025-12-01,3.25,series,original,Bronze,other,0,0,3.0,0,1,0,1,0,0,0,0,0.0,
303,ISADORA MOON S1B,1.0,2025-07-01,2.0,series,original,Bronze,other,0,0,3.0,0,1,0,1,0,0,0,0,0.0,
304,BARNEY S1E,1.0,2024-09-01,2.5,series,original,Bronze,other,0,0,3.0,0,1,0,1,0,0,0,0,0.0,
305,ISADORA MOON S1C,1.0,2025-07-01,7.5,series,original,Bronze,other,0,0,3.0,0,1,0,1,0,0,0,0,0.0,
306,AQUAGIRL S1B,1.0,2025-02-01,3.75,series,original,Bronze,other,0,0,3.0,0,1,0,1,0,0,0,0,0.0,
487,RAIN DOGS S1,1.0,2023-03-01,4.0,series,original,Bronze,action,0,0,3.0,0,1,0,1,1,0,0,0,0.0,
488,SOMEBODY SOMEWHERE S2,2.0,2023-04-01,3.5,series,original,Bronze,action,0,0,3.0,0,1,0,1,1,0,0,0,0.0,
489,A BLACK LADY SKETCH SHOW S4,4.0,2023-04-01,3.0,series,original,Bronze,action,0,0,3.0,0,1,0,1,1,0,0,0,0.0,
490,FANTASMAS S1,1.0,2024-02-01,3.0,series,original,Bronze,action,0,0,3.0,0,1,0,1,1,0,0,0,0.0,
491,HOW TO WITH JOHN WILSON S3,3.0,2023-07-01,3.0,series,original,Bronze,action,0,0,3.0,0,1,0,1,1,0,0,0,0.0,
492,A BLACK LADY SKETCH SHOW S5 / TBD,5.0,2024-03-01,3.0,series,original,Bronze,action,0,0,3.0,0,1,0,1,1,0,0,0,0.0,
493,SOMEBODY SOMEWHERE S3 / TBD,3.0,2024-04-01,3.5,series,original,Bronze,action,0,0,3.0,0,1,0,1,1,0,0,0,0.0,
494,STARSTRUCK S3,3.0,2023-09-01,3.0,series,original,Bronze,action,0,0,3.0,0,1,0,1,1,0,0,0,0.0,
495,THE OTHER TWO S3,3.0,2023-05-01,5.0,series,original,Bronze,action,0,0,3.0,0,1,0,1,1,0,0,0,0.0,
496,SORT OF S3,3.0,2024-01-01,8.0,series,original,Bronze,action,0,0,3.0,0,1,0,1,1,0,0,0,0.0,
522,CB STRIKE: TROUBLED BLOOD,1.0,2023-02-01,4.0,series,original,Bronze,drama,0,0,3.0,0,1,0,1,0,0,1,0,0.0,
523,MY BRILLIANT FRIEND S4,4.0,2024-07-01,10.0,series,original,Bronze,drama,0,0,3.0,0,1,0,1,0,0,1,0,0.0,
524,INDUSTRY S3,3.0,2024-04-01,8.0,series,original,Bronze,drama,0,0,3.0,0,1,0,1,0,0,1,0,0.0,
525,DOOM PATROL S4B,4.0,2023-09-01,6.0,series,original,Bronze,drama,0,0,3.0,0,1,0,1,0,0,1,0,0.0,
526,YOUNG LOVE S2 / TBD,2.0,2024-09-01,6.0,series,original,Bronze,drama,0,0,3.0,0,1,0,1,0,0,1,0,0.0,
527,YOUNG LOVE S3 / TBD,3.0,2025-09-01,6.0,series,original,Bronze,drama,0,0,3.0,0,1,0,1,0,0,1,0,0.0,
528,YOUNG LOVE S4 / TBD,4.0,2026-09-01,6.0,series,original,Bronze,drama,0,0,3.0,0,1,0,1,0,0,1,0,0.0,
624,AM I OK?,,2024-06-01,2.0,movies,original,Bronze,comedy,0,0,3.0,1,0,0,1,0,1,0,0,0.0,
625,UNTITLED HOLIDAY MOVIE 1 (24'),,2024-11-01,2.0,movies,original,Bronze,comedy,0,0,3.0,1,0,0,1,0,1,0,0,0.0,
626,UNTITLED HOLIDAY MOVIE 3 ('24),,2024-12-01,2.0,movies,original,Bronze,comedy,0,0,3.0,1,0,0,1,0,1,0,0,0.0,
627,UNTITLED HOLIDAY MOVIE 1 ('25),,2024-11-01,2.0,movies,original,Bronze,comedy,0,0,3.0,1,0,0,1,0,1,0,0,0.0,
628,UNTITLED HOLIDAY MOVIE 3 ('25),,2024-12-01,2.0,movies,original,Bronze,comedy,0,0,3.0,1,0,0,1,0,1,0,0,0.0,
653,SCAVENGERS REIGN S1,1.0,2023-10-01,6.0,series,original,Bronze,comedy,0,0,3.0,0,1,0,1,0,1,0,0,0.0,
654,TEN YEAR OLD TOM S2,2.0,2023-06-01,5.0,series,original,Bronze,comedy,0,0,3.0,0,1,0,1,0,1,0,0,0.0,
655,YOUNG LOVE S1,1.0,2023-09-01,6.0,series,original,Bronze,comedy,0,0,3.0,0,1,0,1,0,1,0,0,0.0,
656,ADVENTURE TIME: FIONNA AND CAKE S1,1.0,2023-08-01,5.0,series,original,Bronze,comedy,0,0,3.0,0,1,0,1,0,1,0,0,0.0,
657,ADVENTURE TIME: FIONNA AND CAKE S2 / TBD,2.0,2024-08-01,5.0,series,original,Bronze,comedy,0,0,3.0,0,1,0,1,0,1,0,0,0.0,
658,ADVENTURE TIME: FIONNA AND CAKE S3 / TBD,3.0,2025-08-01,5.0,series,original,Bronze,comedy,0,0,3.0,0,1,0,1,0,1,0,0,0.0,
659,ADVENTURE TIME: FIONNA AND CAKE S4 / TBD,4.0,2026-08-01,5.0,series,original,Bronze,comedy,0,0,3.0,0,1,0,1,0,1,0,0,0.0,
660,UNTITLED HOLIDAY MOVIE 2 ('24),,2024-11-01,2.0,movies,original,Bronze,drama,0,0,3.0,1,0,0,1,0,0,1,0,0.0,
661,UNTITLED HOLIDAY MOVIE 2 ('25),,2024-11-01,2.0,movies,original,Bronze,drama,0,0,3.0,1,0,0,1,0,0,1,0,0.0,
663,TBD MULTICAM S2,2.0,2025-08-01,5.0,series,original,TBD,action,0,0,3.0,0,1,0,1,1,0,0,0,0.0,
664,TBD MULTICAM S3,3.0,2026-08-01,5.0,series,original,TBD,action,0,0,3.0,0,1,0,1,1,0,0,0,0.0,
