,tier,prequel_featured_count,category_Docu-Series,category_Documentary Features,season_number,current_year_budget,prequel_count,category_International,category_Kids & Family,category_Pay1,category_Popcorn,category_Scripted Comedy Series,category_Scripted Drama Series,category_Scripted Features,category_Specials,category_Unscripted Series,match_id,title_name
0,0.2085757851600647,0.1385943442583084,0.00649467296898365,0.007403133902698755,0.010551052168011665,0.01504285354167223,0.1666063666343689,0.004945003427565098,0.008394699543714523,0.012941563501954079,0.3729996681213379,0.005242392886430025,0.007955175824463367,0.020469723269343376,0.011099927127361298,0.0026836118195205927,GV7xdwg1cosPDWwEAAABT-5,Insecure
0,0.045302439481019974,0.03387518972158432,0.0033895617816597223,0.0056578475050628185,0.003981807269155979,0.0061323922127485275,0.030741756781935692,0.002846177900210023,0.0021446149330586195,0.0077483272179961205,0.825373113155365,0.004984843544661999,0.010829931125044823,0.010629278607666492,0.004510794300585985,0.0018519075820222497,GVU2cCgUFTYNJjhsJATuH-8,Last Week Tonight with John Oliver
0,0.013608478009700775,0.009060155600309372,0.0016319922870025039,0.002011548262089491,0.0015836380189284682,0.003476212965324521,0.0046275919303298,0.0016205842839553952,0.0008338999468833208,0.003379252040758729,0.9436818361282349,0.0012664288515225053,0.0045211436226964,0.004088147077709436,0.003930977545678616,0.000678132229950279,GW79voAQfEsN5wwEAAADo-4,Axios
0,0.24867329001426697,0.11431489884853363,0.006551516242325306,0.0077551077120006084,0.014038166031241417,0.018530111759901047,0.17109991610050201,0.005936192348599434,0.009116105735301971,0.016176696866750717,0.3376936614513397,0.003979026339948177,0.007317137438803911,0.024939974769949913,0.010551247745752335,0.003326893551275134,GWukCJAq-nIuHwwEAAAB4-3,Succession
0,0.2450118362903595,0.04973476007580757,0.08171087503433228,0.03499698266386986,0.04786399006843567,0.055769722908735275,0.1244630441069603,0.02439696155488491,0.01882784813642502,0.03350206837058067,0.0,0.02903757616877556,0.1114606186747551,0.0660952553153038,0.05879795551300049,0.018330492079257965,GX0P9SwLUP4vDIQEAAAAe,Class Action Park
0,0.1860155165195465,0.06483764201402664,0.0880085676908493,0.03583484888076782,0.05376402288675308,0.06661895662546158,0.04913284629583359,0.024349451065063477,0.024957366287708282,0.04065566137433052,0.0,0.036208122968673706,0.12655925750732422,0.12112075835466385,0.06006266921758652,0.021874340251088142,GX0WFcAlf5r5cuAEAAADu-1,Raised by Wolves
0,0.2544138431549072,0.07888519018888474,0.10183639824390411,0.03582027181982994,0.041190505027770996,0.11479100584983826,0.026539810001850128,0.025342151522636414,0.026467198505997658,0.04001999646425247,0.0,0.032645534723997116,0.07979274541139603,0.052476491779088974,0.07161552459001541,0.01816333830356598,GX0_18wy2RrCttQEAAARx-1,Patria
0,0.18771997094154358,0.08221808075904846,0.07570770382881165,0.04181447997689247,0.035303834825754166,0.06783701479434967,0.06262262910604477,0.022306574508547783,0.021548660472035408,0.044341325759887695,0.0,0.018023617565631866,0.08257189393043518,0.18906699120998383,0.05284201353788376,0.01607520505785942,GX0aLWQmkpBTCwwEAAANI,Wild Card: The Downfall of a Radio Loudmouth
0,0.13576480746269226,0.12363418191671371,0.06663136929273605,0.04081721603870392,0.037558674812316895,0.053826093673706055,0.12153158336877823,0.017936334013938904,0.017639918252825737,0.04357728734612465,0.0,0.019659070298075676,0.0857417955994606,0.160213440656662,0.06049054116010666,0.01497763954102993,GX0aOXAiLMxTCwwEAAANL-1,The Undoing
0,0.2131272256374359,0.08269745111465454,0.07976096868515015,0.030420120805501938,0.03932756558060646,0.14004622399806976,0.05008673295378685,0.020956063643097878,0.02524048276245594,0.033629752695560455,0.0,0.02649974636733532,0.10407872498035431,0.06709553301334381,0.05673201382160187,0.03030136413872242,GX0gQ9AKAgr5cuAEAAAG_-2,The Great Pottery Throw Down
0,0.1671808809041977,0.14142197370529175,0.003262710990384221,0.00873629841953516,0.010256033390760422,0.011205984279513359,0.1160806268453598,0.009796882048249245,0.002373571041971445,0.010727104730904102,0.47473618388175964,0.004022876266390085,0.01002462301403284,0.0164752509444952,0.008531908504664898,0.005166982766240835,GX0gQ9AKAgr5cuAEAAAG_-4,The Great Pottery Throw Down
0,0.1892343908548355,0.07424688339233398,0.07168225944042206,0.02699405699968338,0.041983235627412796,0.14375580847263336,0.02030029334127903,0.020734764635562897,0.021586120128631592,0.03063054196536541,0.0,0.029642799869179726,0.18490295112133026,0.08095460385084152,0.04962116852402687,0.013730156235396862,GX1AF4QPcoYaMwgEAAAQ5,Unpregnant
0,0.16515730321407318,0.062175504863262177,0.09027588367462158,0.04546249285340309,0.046428438276052475,0.08878335356712341,0.05525403097271919,0.03328295797109604,0.03367442637681961,0.05558932200074196,0.0,0.05724329873919487,0.11352212727069855,0.05424854904413223,0.07477908581495285,0.024123184382915497,GX1ov6AqU1cLCTQEAAAFp,"Siempre, Luis"
0,0.21941614151000977,0.18450675904750824,0.006357087288051844,0.0083864014595747,0.010599427856504917,0.01648370921611786,0.14243967831134796,0.0056853992864489555,0.008380002342164516,0.015272896736860275,0.3270374536514282,0.0035078106448054314,0.009675370529294014,0.02818148210644722,0.010076824575662613,0.003993561491370201,GX1pL-A4sIcMslAEAAAAy-2,How To with John Wilson
0,0.24796785414218903,0.060039352625608444,0.08720241487026215,0.03016355074942112,0.03663140535354614,0.07500983774662018,0.1131233498454094,0.022088566794991493,0.027585500851273537,0.03601904958486557,0.0,0.04171121120452881,0.10316866636276245,0.04713020846247673,0.05821198225021362,0.013947057537734509,GX23urwuo4MNYwwEAAAPq-1,A World of Calm
0,0.18629248440265656,0.06327670812606812,0.07361925393342972,0.04289420694112778,0.03549909219145775,0.0869315043091774,0.06593448668718338,0.02310767024755478,0.02525353617966175,0.049165029078722,0.0,0.037772681564092636,0.07648354768753052,0.17372213304042816,0.047455355525016785,0.01259226631373167,GX24uiQjwE7TDLwEAAAAC-2,Gomorrah
0,0.01270115002989769,0.007392384111881256,0.0009343791170977056,0.0014571849023923278,0.0009494788246229291,0.0017391330329701304,0.0024432542268186808,0.0008961047860793769,0.0005336709436960518,0.002125565893948078,0.9612377882003784,0.0010726044420152903,0.0023699256125837564,0.002484489930793643,0.0011772556463256478,0.0004856342275161296,GX24uiQjwE7TDLwEAAAAC-3,Gomorrah
0,0.18874607980251312,0.11891289800405502,0.05797332897782326,0.038290198892354965,0.03631625324487686,0.04102521017193794,0.11983425170183182,0.018018921837210655,0.019314920529723167,0.04504316672682762,0.0,0.035642173141241074,0.07719844579696655,0.13195393979549408,0.057444751262664795,0.01428542472422123,GX3HsnA0FlSjDDgEAAAAC-1,Equal
0,0.23546910285949707,0.06494737416505814,0.08494195342063904,0.03859059512615204,0.04088646173477173,0.0849069356918335,0.08533120900392532,0.02539133094251156,0.02274486795067787,0.05135506018996239,0.0,0.045612722635269165,0.09412068128585815,0.047360680997371674,0.061817701905965805,0.01652335561811924,GX3Oo8gHLjKHCwwEAAAEk,Charm City Kings
0,0.1783948838710785,0.0651756078004837,0.0664471983909607,0.033395130187273026,0.03447839617729187,0.11171611398458481,0.07890871912240982,0.021330537274479866,0.020350569859147072,0.048832718282938004,0.0,0.0328243263065815,0.07356869429349899,0.1634654551744461,0.04967820644378662,0.02143346704542637,GX3TEiA2gIxmDbAEAAAGu-1,One Way or Another
0,0.16454851627349854,0.18118835985660553,0.005959273781627417,0.008415921591222286,0.009051856584846973,0.01573348417878151,0.15008307993412018,0.00811361987143755,0.006865072064101696,0.01212087832391262,0.3859305679798126,0.002505070995539427,0.007658109534531832,0.02552860602736473,0.013513115234673023,0.002784476848319173,GX3Uw2AN9CaHCwwEAAALT-3,Titans
0,0.22738772630691528,0.12092532962560654,0.00727896997705102,0.008813555352389812,0.01154473889619112,0.01724681816995144,0.16254675388336182,0.00519542908295989,0.00909353606402874,0.015339983627200127,0.36072221398353577,0.004747667815536261,0.007886748760938644,0.02853206917643547,0.009510000236332417,0.003228375455364585,GX3ZDNQA_j8LCSgEAAAXR-4,Young Justice
0,0.15437005460262299,0.0852256491780281,0.04912701994180679,0.045482389628887177,0.03670975938439369,0.07922913879156113,0.11740963906049728,0.032908063381910324,0.021058369427919388,0.04028085246682167,0.0,0.05924065783619881,0.09359600394964218,0.12385252118110657,0.04681388661265373,0.014695972204208374,GX3dOFgSA-4uZmAEAAAAi-1,Industry
0,0.174454003572464,0.10721676796674728,0.048982951790094376,0.034917064011096954,0.03700685128569603,0.07437026500701904,0.0827978253364563,0.03705644980072975,0.022142253816127777,0.032154206186532974,0.0,0.04069191962480545,0.1093309074640274,0.13719815015792847,0.045148979872465134,0.016531407833099365,GX3hmdAVQOYuZmAEAAAEJ-1,Murder on Middle Beach
0,0.15520422160625458,0.09957326203584671,0.043613214045763016,0.04609139636158943,0.04422299191355705,0.09005843102931976,0.07823078334331512,0.03796215355396271,0.021730845794081688,0.037331677973270416,0.0,0.048328109085559845,0.10627779364585876,0.13396362960338593,0.044815946370363235,0.012595519423484802,GX3x1ugXOg5asuwEAAAAZ,Between The World And Me
0,0.19564910233020782,0.11953474581241608,0.056490641087293625,0.033721450716257095,0.0337502546608448,0.05103684961795807,0.10327082872390747,0.017763052135705948,0.01662367768585682,0.03850458189845085,0.0,0.028301235288381577,0.10555518418550491,0.14437071979045868,0.04001731052994728,0.015410356223583221,GX425zQkSc2NViQEAAAbg,Chelsea Handler: Evolution
0,0.18426138162612915,0.06465738266706467,0.0751132071018219,0.0395951047539711,0.03590507432818413,0.07464887201786041,0.07082036882638931,0.021076690405607224,0.020953521132469177,0.04742550477385521,0.0,0.04236222058534622,0.08246377110481262,0.17187587916851044,0.05489460006356239,0.013946371152997017,GX4YOrQsIwGNViQEAAAGH,A West Wing Special to Benefit When We All Vote
0,0.17486830055713654,0.07240071892738342,0.04636269807815552,0.04607811197638512,0.034624017775058746,0.09558052569627762,0.07591129094362259,0.03615817427635193,0.030104806646704674,0.0316823348402977,0.0,0.0571296364068985,0.11951955407857895,0.11124707013368607,0.04729136824607849,0.021041367202997208,GX4cp4Aifr2NViQEAAAJS,Wendy
0,0.18508818745613098,0.0592932291328907,0.06635696440935135,0.036755483597517014,0.042184099555015564,0.07173316180706024,0.06914793699979782,0.01942134089767933,0.017799511551856995,0.04631093516945839,0.0,0.03763824701309204,0.09570904821157455,0.17279113829135895,0.06326375156641006,0.016506917774677277,GX5A8JQnSPQ2QFgEAAAAC,Roald Dahl’s The Witches
0,0.10065276175737381,0.03498588874936104,0.005588761996477842,0.008444618433713913,0.005105092655867338,0.00902347918599844,0.012457591481506824,0.0047155339270830154,0.0031247143633663654,0.012035314925014973,0.7540149092674255,0.005602605640888214,0.014503201469779015,0.014295777305960655,0.013191519305109978,0.0022583194077014923,GX5LcbQta94uLwgEAAAAE,Havana Street Party Presents: Beatriz Luengo
0,0.1732751727104187,0.1169300302863121,0.045997072011232376,0.05023640766739845,0.04038810729980469,0.07440370321273804,0.06373266130685806,0.035366617143154144,0.023489920422434807,0.036606211215257645,0.0,0.04721129685640335,0.10459580272436142,0.12786927819252014,0.048979029059410095,0.010918610729277134,GX5MHsQzwwIuLwgEAAACp-1,The Flight Attendant
0,0.1802528351545334,0.09093306958675385,0.05163266137242317,0.040964461863040924,0.03837266564369202,0.09039485454559326,0.09101719409227371,0.020852545276284218,0.02372431568801403,0.03510359674692154,0.0,0.046373143792152405,0.1040290892124176,0.11938276141881943,0.0523422434926033,0.014624550007283688,GX5hGtgLeFTccUwEAAAAC-1,Two Weeks to Live
0,0.13458706438541412,0.10001301020383835,0.05088229477405548,0.045454222708940506,0.03480660542845726,0.07361561059951782,0.1304180920124054,0.03234594687819481,0.0205876212567091,0.03491232916712761,0.0,0.033353909850120544,0.10957629233598709,0.13526152074337006,0.05180389806628227,0.012381539680063725,GX5leFQdo8Sx_wwEAAAcr-1,The Cost of Winning
0,0.1392812281847,0.10030722618103027,0.04285923391580582,0.0492682158946991,0.03785219416022301,0.08649025112390518,0.08721175044775009,0.03842873126268387,0.02669404447078705,0.040848080068826675,0.0,0.04989079758524895,0.1166500672698021,0.11194214969873428,0.05129969120025635,0.020976338535547256,GX5lfBgOJ7RKRwgEAAAMG,The Bee Gees: How Can You Mend A Broken Heart
0,0.1862896978855133,0.10738463699817657,0.04673594608902931,0.03741871193051338,0.0325264148414135,0.07362335920333862,0.05833013355731964,0.03068174049258232,0.023096462711691856,0.03772270306944847,0.0,0.06367459893226624,0.127631276845932,0.11923375725746155,0.042141057550907135,0.013509448617696762,GX5ncFA4n856aoQEAAACb-2,My Sesame Street Friends
0,0.18672193586826324,0.10775372385978699,0.04698079451918602,0.03770238161087036,0.03266124054789543,0.07339871674776077,0.05798429250717163,0.03085004910826683,0.023867854848504066,0.03759429231286049,0.0,0.060566119849681854,0.12959377467632294,0.11837080866098404,0.04251139611005783,0.013442662544548512,GX5ncFA4n856aoQEAAACb-4,My Sesame Street Friends
0,0.012142363935709,0.0034463410265743732,0.0011558651458472013,0.0012386710150167346,0.0009637228213250637,0.0019355135736986995,0.0023241459857672453,0.0009388986509293318,0.000596065481659025,0.001190334907732904,0.9656301140785217,0.0010995275806635618,0.0025473455898463726,0.002694362075999379,0.0016014566645026207,0.000495212443638593,GX68GDw1CD8LDJwEAAAAG,The King of Staten Island
0,0.20064593851566315,0.10922473669052124,0.040820639580488205,0.04568895325064659,0.0367448665201664,0.10480947047472,0.06337035447359085,0.0334632433950901,0.02092558704316616,0.03439358249306679,0.0,0.03724868968129158,0.08699195832014084,0.13439232110977173,0.04108499363064766,0.010194648057222366,GX6AKHwKaG8PDUAEAAAAC,Superintelligence
0,0.1685905009508133,0.1114450991153717,0.0033855498768389225,0.008142289705574512,0.01006284262984991,0.02258147858083248,0.20209892094135284,0.005432446487247944,0.0021319387014955282,0.017951268702745438,0.3904270827770233,0.004837736953049898,0.009006908163428307,0.02382696606218815,0.017602935433387756,0.002476002788171172,GX6BA9wumwpbDwgEAAAA4-2,Full Bloom
0,0.17829851806163788,0.09615111351013184,0.04211681708693504,0.04387463629245758,0.03743842616677284,0.08651529252529144,0.08969137072563171,0.04110924154520035,0.02047981321811676,0.036717116832733154,0.0,0.040755823254585266,0.1104462668299675,0.1058366596698761,0.05179121717810631,0.018777675926685333,GX6BmhQFfK8PDUAEAAACC,Diego Torres Sinfónico
0,0.18977874517440796,0.08912580460309982,0.04034653678536415,0.03720399737358093,0.04045959562063217,0.07757056504487991,0.07221147418022156,0.02927490882575512,0.022014079615473747,0.03284875676035881,0.0,0.06366313993930817,0.1190498024225235,0.1341691017150879,0.03967322036623955,0.012610302306711674,GX6MziQh41pYSwwEAAAK4-1,I Hate Suzie
0,0.26511886715888977,0.14222723245620728,0.007406988181173801,0.008594638668000698,0.014361665584146976,0.01621883362531662,0.15671208500862122,0.005166505463421345,0.008610216900706291,0.014199099503457546,0.3109709620475769,0.005420790519565344,0.008199484087526798,0.023607436567544937,0.010110932402312756,0.0030742459930479527,GX6MzzwZycJYSwwEAAALF-2,12 Dates of Christmas
0,0.18411818146705627,0.10566499829292297,0.04555296525359154,0.036136336624622345,0.03159927576780319,0.07298171520233154,0.058608729392290115,0.03125280886888504,0.023381145671010017,0.041371989995241165,0.0,0.0659145638346672,0.1273656189441681,0.117332324385643,0.045422960072755814,0.013296338729560375,GX6W67gfRQIGWrQEAAABJ,Colin Quinn & Friends: A Parking Lot Comedy Show
0,0.17418965697288513,0.11157579720020294,0.04808821156620979,0.03541463613510132,0.033569853752851486,0.07402065396308899,0.06301174312829971,0.03132200986146927,0.020853033289313316,0.043977875262498856,0.0,0.06385929137468338,0.1256057769060135,0.11730503290891647,0.043671950697898865,0.013534451834857464,GX6rsqgAIJMPCwgEAAACB-1,Valley of Tears
0,0.16421999037265778,0.08231210708618164,0.038849540054798126,0.04107636213302612,0.038622599095106125,0.10889361053705215,0.10181121528148651,0.03545729070901871,0.02172067202627659,0.038249991834163666,0.0,0.04292072728276253,0.11461358517408371,0.11642194539308548,0.043020591139793396,0.011809753254055977,GX72QuwdZ0yGqwgEAAAY4-1,Heaven's Gate: The Cult of Cults
0,0.18180781602859497,0.09207189828157425,0.04526742547750473,0.04045934975147247,0.03914182633161545,0.07868650555610657,0.07328308373689651,0.0336339995265007,0.026234539225697517,0.03546099364757538,0.0,0.0566132552921772,0.11973964422941208,0.12494563311338425,0.04026465117931366,0.012389407493174076,GX7L7LAlGL8IOwwEAAABN-1,Veneno
0,0.18640945851802826,0.11148607730865479,0.04155902937054634,0.03471366688609123,0.040891870856285095,0.07588224858045578,0.08562099933624268,0.031389884650707245,0.020491907373070717,0.03432163596153259,0.0,0.05455727502703667,0.11663947999477386,0.11498565971851349,0.03991740196943283,0.01113349013030529,GX7QU5AGnhiLDwwEAAAAj,The Fresh Prince of Bel-Air Reunion
0,0.1721293330192566,0.07590921223163605,0.03728083521127701,0.038449402898550034,0.03292553499341011,0.12600110471248627,0.13718566298484802,0.036877889186143875,0.018342994153499603,0.03131325915455818,0.0,0.03330529108643532,0.10477880388498306,0.09573684632778168,0.04206572473049164,0.017698103561997414,GX7UW-gGlNpGpwgEAAAQk,Alabama Snake
0,0.16401518881320953,0.09070809185504913,0.038493502885103226,0.045776572078466415,0.03180892392992973,0.10408394038677216,0.1079513430595398,0.033321138471364975,0.018494846299290657,0.031582605093717575,0.0,0.03822123631834984,0.11856621503829956,0.12325259298086166,0.04198103025555611,0.011742773465812206,GX7WPJgqYpLZJwwEAAABu,Euphoria Special Episode Part 1: Rue
0,0.1693694144487381,0.07286235690116882,0.0376555435359478,0.03542337566614151,0.031573038548231125,0.12398350983858109,0.13737796247005463,0.0372832715511322,0.02063680812716484,0.03196777403354645,0.0,0.03336058557033539,0.10106655210256577,0.1082998737692833,0.0419088676571846,0.017231039702892303,GX7_dBQJHuaipuAEAAAAE,Let Them All Talk
0,0.1909921020269394,0.0834248811006546,0.04358624666929245,0.04078679159283638,0.03686141595244408,0.10169108211994171,0.08693065494298935,0.04213134944438934,0.01839672215282917,0.040005963295698166,0.0,0.03883441537618637,0.1049145832657814,0.10100793838500977,0.049084339290857315,0.021351613104343414,GX8UsVwU-dsLDbAEAAAAc,Homeschool Musical: Class of 2020
0,0.013330592773854733,0.004522703588008881,0.0008505085133947432,0.0012126824585720897,0.0009063211036846042,0.0015257574850693345,0.001909336308017373,0.0007374464767053723,0.0005342917866073549,0.0017993802903220057,0.9643314480781555,0.001438952051103115,0.002417153213173151,0.002350876573473215,0.0016097932821139693,0.0005227737128734589,GX8gh5w1QLC3CCAEAAACv-1,Perfect Life (Vida perfecta)
0,0.24458946287631989,0.16500285267829895,0.007216110825538635,0.008836793713271618,0.010745887644588947,0.014456205070018768,0.12850376963615417,0.005968856625258923,0.009296908974647522,0.01208979357033968,0.34254270792007446,0.005552206188440323,0.007924346253275871,0.025078224018216133,0.009476950392127037,0.002718874253332615,GX8gh5w1QLC3CCAEAAACv-2,Perfect Life (Vida perfecta)
0,0.011591404676437378,0.0056702434085309505,0.0009814174845814705,0.0014112017815932631,0.0008697497542016208,0.002155147958546877,0.003309305990114808,0.0008655044948682189,0.0004476102185435593,0.001685554743744433,0.9634313583374023,0.001165935187600553,0.0023375656455755234,0.0022311091888695955,0.0013377373106777668,0.0005091712810099125,GX90T6QT8fJyYWQEAAANl-1,The Event
0,0.17472684383392334,0.07980156689882278,0.03986333683133125,0.04574349522590637,0.03749528527259827,0.10546179115772247,0.06591928750276566,0.0361456461250782,0.01959851384162903,0.03901682049036026,0.0,0.05621541664004326,0.10320322215557098,0.1331675499677658,0.044147636741399765,0.019493602216243744,GX9KHPw1OIMPCJgEAAAAD,Wonder Woman 1984
0,0.23932306468486786,0.12215019762516022,0.006662151776254177,0.007283964194357395,0.011336593888700008,0.019085673615336418,0.18231020867824554,0.007809358648955822,0.01142287626862526,0.019564872607588768,0.3242388069629669,0.007269947323948145,0.007843723520636559,0.022568468004465103,0.008276605047285557,0.0028534927405416965,GXKN_xQX5csPDwwEAAABj-2,Euphoria
0,0.23050576448440552,0.17001383006572723,0.006022532470524311,0.009210081771016121,0.012911451980471611,0.015552621334791183,0.16135385632514954,0.006063741631805897,0.010400132276117802,0.014705364592373371,0.3110453188419342,0.003382983850315213,0.0068802256137132645,0.0258491151034832,0.012226434424519539,0.00387650472112,GXN2NPADWKJ63mgEAAAN9-1,The American Guest (El huésped americano)
0,0.1752440482378006,0.14263948798179626,0.0035376024898141623,0.010172483511269093,0.009808141738176346,0.016835445538163185,0.14366914331912994,0.00595329562202096,0.002100803656503558,0.012783571146428585,0.4173051416873932,0.004785611759871244,0.009636374190449715,0.01895739883184433,0.023883191868662834,0.002688302891328931,GXRZd8AUueK5TwgEAAAKq-4,The Shop: Uninterrupted
0,0.1380419135093689,0.117311492562294,0.0027064464520663023,0.006648241076618433,0.007620545104146004,0.0094845499843359,0.23138444125652313,0.003950673155486584,0.001504290965385735,0.010938537307083607,0.43678057193756104,0.0031056327279657125,0.009032397530972958,0.010882752947509289,0.007733301259577274,0.002874263795092702,GXRt2ogky7r29bAEAAAGe-2,A Black Lady Sketch Show
0,0.2335672527551651,0.1224692240357399,0.006661810912191868,0.007426835596561432,0.012266510166227818,0.020386533811688423,0.18335585296154022,0.006519290618598461,0.011512293480336666,0.019686074927449226,0.33331799507141113,0.004089200869202614,0.008748909458518028,0.018915323540568352,0.008350977674126625,0.002725902944803238,GXRuC4gJdpm2YwgEAAAF_-2,The Righteous Gemstones
0,0.011243928223848343,0.011655465699732304,0.0010412296978756785,0.0013634796487167478,0.0009982195915654302,0.0023421081714332104,0.0024318003561347723,0.0008462926489301026,0.0004710179637186229,0.0019057664321735501,0.958072304725647,0.0009606379317119718,0.0026360906194895506,0.002461235737428069,0.0010255191009491682,0.0005449046147987247,GXSySggmEBE6olAEAAAJs-1,C.B. Strike
0,0.01585988514125347,0.007877933792769909,0.0010528360726311803,0.0016269583720713854,0.0010590114397928119,0.0019432493718340993,0.003939708229154348,0.0009216968319378793,0.0007208242896012962,0.0022405574563890696,0.9500887393951416,0.0017666224157437682,0.0030933325178921223,0.0051605538465082645,0.0021561849862337112,0.000491936516482383,GXSySggmEBE6olAEAAAJs-2,C.B. Strike
0,0.1825239360332489,0.08660779148340225,0.04089648276567459,0.04414147511124611,0.042402442544698715,0.07370013743638992,0.10466209053993225,0.03554825112223625,0.01630435138940811,0.039853785187006,0.0,0.03731686249375343,0.0996062383055687,0.1338258683681488,0.04609142243862152,0.016518890857696533,GXYUhuQ6aq6nCVgEAAAlR-2,His Dark Materials
0,0.008647114038467407,0.002558920532464981,0.0008621534216217697,0.0011132422368973494,0.0007672712672501802,0.001953490311279893,0.002652640687301755,0.0007465931121259928,0.0003768529277294874,0.0016973167657852173,0.9719112515449524,0.0010663986904546618,0.002100972691550851,0.0018437044927850366,0.0012973786797374487,0.0004047177790198475,GX_3YsgTKcK_CSwEAAAAp,Locked Down
0,0.0198782067745924,0.005179328843951225,0.0015883236192166805,0.001907195313833654,0.0012859321432188153,0.002635380020365119,0.019888142123818398,0.0010560699738562107,0.000770806334912777,0.0031006145291030407,0.9274858832359314,0.0013166762655600905,0.0035947251599282026,0.004581645596772432,0.0049195620231330395,0.0008115272503346205,GX_4Yaww4-L6pXwEAAAAE,Euphoria Special Episode Part 2: Jules
0,0.0089722266420722,0.005924367345869541,0.0011666922364383936,0.0017995163798332214,0.0010826104553416371,0.002234275918453932,0.005165452137589455,0.0009574858704581857,0.0006653993623331189,0.00300219957716763,0.9578779339790344,0.0012688306160271168,0.003277432406321168,0.003828437766060233,0.0021929838694632053,0.0005841279635205865,GX_8K2QdX5ojCXwEAAAAE,Fake Famous
0,0.010373617522418499,0.0036780708469450474,0.0009497956489212811,0.0011455342173576355,0.000766871205996722,0.0016995148034766316,0.0026197645347565413,0.0008448005537502468,0.0005774205201305449,0.0018747348804026842,0.9683074355125427,0.0008988399640657008,0.0023509138263761997,0.0024244545493274927,0.0010604384588077664,0.0004278281703591347,GX_NAWQtssKHDwwEAAAAL-1,Tiger
0,0.02199407108128071,0.010688690468668938,0.0018526597414165735,0.0018268133280798793,0.0014373991871252656,0.0027714872267097235,0.0061593689024448395,0.0013372806133702397,0.0009979568421840668,0.003388894721865654,0.9346514344215393,0.0015680701471865177,0.00428719911724329,0.003994581289589405,0.002140660770237446,0.0009034080430865288,GX_TWBgQpQK6_lAEAAAAC-1,The Lady and the Dale
0,0.22320686280727386,0.013253984041512012,0.0,0.009651420637965202,0.014928954653441906,0.052125558257102966,0.002283077221363783,0.0,0.009392749518156052,0.03380730748176575,0.0,0.4448513984680176,0.10380618274211884,0.0,0.05160648375749588,0.04108598455786705,GXa-mxg4SNINiYAEAAAF3-3,Search Party
0,0.008751444518566132,0.0024884098675101995,0.0008801886579021811,0.0011305427178740501,0.0007907377439551055,0.0017809770070016384,0.0025282467249780893,0.0007008709362708032,0.00040282466216012836,0.001675994135439396,0.9720459580421448,0.0011180263245478272,0.002040176186710596,0.001976342173293233,0.001246214029379189,0.00044308602809906006,GXa-mxg4SNINiYAEAAAF3-4,Search Party
0,0.22850723564624786,0.1722477227449417,0.006492121610790491,0.008432420901954174,0.010985811240971088,0.018987713381648064,0.16953162848949432,0.005116073414683342,0.011805737391114235,0.012968427501618862,0.30307406187057495,0.00704009598121047,0.007316433824598789,0.02045382559299469,0.01454576849937439,0.0024948855862021446,GXa-mxg4SNINiYAEAAAF3-5,Search Party
0,0.1592298001050949,0.1159726232290268,0.004035104066133499,0.01106321532279253,0.010402511805295944,0.019821127876639366,0.09291920810937881,0.007564601954072714,0.002505897544324398,0.01141031738370657,0.5166220664978027,0.007374641951173544,0.011338643729686737,0.015585029497742653,0.009364979341626167,0.004790182691067457,GXcsTHA88FJuAuwEAAASx-2,A Tiny Audience
0,0.2904622256755829,0.010340731590986252,0.0,0.0,0.0,0.3445531725883484,0.0,0.0,0.16000299155712128,0.0,0.0,0.10077597945928574,0.012558497488498688,0.0,0.02193787507712841,0.0593685582280159,GXkNXsArG_o7CZgEAABfH-2,Infinity Train
0,0.13477277755737305,0.04946152865886688,0.09633675217628479,0.04290812835097313,0.03441810980439186,0.05365132912993431,0.028295457363128662,0.02341770939528942,0.02283158339560032,0.030655797570943832,0.0,0.019613981246948242,0.05410100519657135,0.27678659558296204,0.10402638465166092,0.02872283197939396,GXkNXsArG_o7CZgEAABfH-3,Infinity Train
0,0.4353044927120209,0.05105981603264809,0.0,0.0,0.06108349561691284,0.12646950781345367,0.0,0.0,0.08839257806539536,0.03969045355916023,0.0,0.0,0.058655817061662674,0.0,0.07011064141988754,0.069233238697052,GXkyDLAgeBY7CZgEAACHO-2,Summer Camp Island
0,0.26970386505126953,0.1544676274061203,0.0067947423085570335,0.008464821614325047,0.012130767107009888,0.018475426360964775,0.1301949918270111,0.006981793791055679,0.008751770481467247,0.015119661577045918,0.31689172983169556,0.0062376526184380054,0.009141117334365845,0.021883463487029076,0.011937378905713558,0.0028231204487383366,GXkyDLAgeBY7CZgEAACHO-5,Summer Camp Island
0,0.2267146110534668,0.14435100555419922,0.006231245584785938,0.008397236466407776,0.012195022776722908,0.019103167578577995,0.171193927526474,0.004787650890648365,0.00960953813046217,0.016135750338435173,0.3269704580307007,0.00604202738031745,0.00852822046726942,0.022375019267201424,0.014192680828273296,0.003172369673848152,GXl2MywUlhSLCHAEAAAiR-1,Entre hombres (Amongst Men)
0,0.22486263513565063,0.11613733321428299,0.0071902796626091,0.008435424417257309,0.010475371964275837,0.01842106133699417,0.16506053507328033,0.004487391095608473,0.009393352083861828,0.013625890016555786,0.37068790197372437,0.003425013506785035,0.007961227558553219,0.02233700081706047,0.014117658138275146,0.003381919814273715,GXl2YzQCV8J4_wwEAABwH-2,We're Here
0,0.24261364340782166,0.018570896238088608,0.0,0.011124560609459877,0.02106359414756298,0.11011157929897308,0.012578900903463364,0.0,0.016692109405994415,0.06942243874073029,0.0,0.020379792898893356,0.36346474289894104,0.0,0.08250205218791962,0.03147571533918381,GXnAu5AZC5MNVoAEAABvO-2,Doom Patrol
0,0.17498202621936798,0.11332283914089203,0.003084825584664941,0.008090064860880375,0.0099724056199193,0.022419879212975502,0.16520927846431732,0.0048520551063120365,0.001947703305631876,0.014312926679849625,0.4347458481788635,0.0054582953453063965,0.008395884186029434,0.020202111452817917,0.010208582505583763,0.0027951847296208143,GXnt7fw7qNVSpjQEAAAJx-2,Betty
0,0.13437528908252716,0.11913572251796722,0.05301925539970398,0.04861225560307503,0.03854997828602791,0.08550785481929779,0.08428820967674255,0.019207362085580826,0.021962329745292664,0.04397738724946976,0.0,0.05036921426653862,0.10712999105453491,0.1204688623547554,0.05532989650964737,0.018066419288516045,GXouLWwp8MsPDIgEAAAqT-13,Sesame Street
0,0.1337393969297409,0.11761923879384995,0.05363781005144119,0.04936491698026657,0.03754043206572533,0.08697081357240677,0.08340174704790115,0.01955057494342327,0.022791821509599686,0.044049136340618134,0.0,0.05053553730249405,0.10720321536064148,0.12021563202142715,0.05575620010495186,0.017623472958803177,GXouLWwp8MsPDIgEAAAqT-44,Sesame Street
0,0.1349140703678131,0.1174217090010643,0.05338149890303612,0.04875624552369118,0.0381275974214077,0.0867767482995987,0.08284317702054977,0.019389336928725243,0.022808730602264404,0.04414819926023483,0.0,0.04970632866024971,0.10733843594789505,0.12070945650339127,0.055903173983097076,0.017775336280465126,GXouLWwp8MsPDIgEAAAqT-45,Sesame Street
0,0.13483808934688568,0.117312490940094,0.05351206660270691,0.048557743430137634,0.037734221667051315,0.0869477316737175,0.08379682898521423,0.019618041813373566,0.02261151745915413,0.043772172182798386,0.0,0.05151866003870964,0.10676000267267227,0.12050828337669373,0.05530392751097679,0.017208270728588104,GXouLWwp8MsPDIgEAAAqT-46,Sesame Street
0,0.1346581131219864,0.11811870336532593,0.05425747483968735,0.04879537224769592,0.03867971524596214,0.08605685830116272,0.08325612545013428,0.01972859539091587,0.022815950214862823,0.04347648471593857,0.0,0.04948754236102104,0.10714060068130493,0.12049790471792221,0.05526863783597946,0.017761971801519394,GXouLWwp8MsPDIgEAAAqT-48,Sesame Street
0,0.1350725144147873,0.11853248625993729,0.05376242473721504,0.04805125296115875,0.038756050169467926,0.08580730110406876,0.08400391787290573,0.019612783566117287,0.022946933284401894,0.0435168594121933,0.0,0.04974916949868202,0.10675352811813354,0.12007994204759598,0.05534879118204117,0.018006009981036186,GXouLWwp8MsPDIgEAAAqT-49,Sesame Street
0,0.14777319133281708,0.11730168759822845,0.05339533090591431,0.04740575700998306,0.030148601159453392,0.08642080426216125,0.07675019651651382,0.01844906620681286,0.017982546240091324,0.048572707921266556,0.0,0.054603010416030884,0.10485024750232697,0.12280160933732986,0.0542139858007431,0.019331257790327072,GXouLWwp8MsPDIgEAAAqT-50,Sesame Street
0,0.1844657063484192,0.10565727949142456,0.04464814439415932,0.03679486736655235,0.036081574857234955,0.07295431941747665,0.06145263835787773,0.03239580616354942,0.021325083449482918,0.03725454956293106,0.0,0.06811191886663437,0.12017771601676941,0.12280520796775818,0.043554071336984634,0.012321085669100285,GXouLWwp8MsPDIgEAAAqT-51,Sesame Street
0,0.26335474848747253,0.1617514044046402,0.0075800055637955666,0.008588583208620548,0.012170873582363129,0.017143892124295235,0.14188887178897858,0.005730193108320236,0.010614540427923203,0.016442447900772095,0.30679911375045776,0.0048401434905827045,0.007640236523002386,0.021093931049108505,0.010692640207707882,0.0036683587823063135,GXouLWwp8MsPDIgEAAAqT-52,Sesame Street
0,0.19908806681632996,0.14730876684188843,0.006353592965751886,0.00866988766938448,0.011559449136257172,0.01901519112288952,0.15243372321128845,0.007993120700120926,0.008523337543010712,0.01741517335176468,0.3656788170337677,0.003488146001473069,0.007721112109720707,0.027472198009490967,0.014522554352879524,0.0027568128425627947,GXp7fVAH0VLq4SAEAAAQp-3,Hard
0,0.1587168574333191,0.010415147989988327,0.0,0.0,0.0669093057513237,0.10288845747709274,0.0,0.0,0.09127798676490784,0.0,0.0,0.44569677114486694,0.05060374736785889,0.0,0.04451589286327362,0.028975842520594597,GXpTQtgV6ax-auwEAABc3,The Good Liar
0,0.24366803467273712,0.048855431377887726,0.0,0.02592812292277813,0.10562701523303986,0.18465113639831543,0.0,0.0,0.15904845297336578,0.04703028127551079,0.0,0.0,0.07362202554941177,0.0,0.04301612451672554,0.0685533806681633,GXpdzNQG7zbAdWQEAAAaL-1,Perry Mason
0,0.13445617258548737,0.15928596258163452,0.0,0.0,0.030369959771633148,0.059586286544799805,0.010347643867135048,0.0,0.19405457377433777,0.0,0.0,0.31808730959892273,0.0,0.0,0.01559226494282484,0.07821981608867645,GXqHggg6FbLeIkwEAAAAv-1,I May Destroy You
0,0.24498341977596283,0.18780386447906494,0.007035461720079184,0.00790685135871172,0.010202227160334587,0.017367321997880936,0.16120147705078125,0.005095275118947029,0.008928605355322361,0.01540434081107378,0.2809937298297882,0.005098205525428057,0.009014293551445007,0.02123359404504299,0.014823030680418015,0.0029083455447107553,GXqxL8AG86YC9JwEAAAJw-2,Craftopia
0,0.16419510543346405,0.12720887362957,0.0,0.05377960205078125,0.025871509686112404,0.07010937482118607,0.024161478504538536,0.0,0.01665469817817211,0.03683774545788765,0.0,0.33027681708335876,0.09360398352146149,0.0,0.029660305008292198,0.027640467509627342,GXqxXYwlxdEKuqwEAAASS-1,I'll Be Gone in the Dark
0,0.2104194462299347,0.1371053159236908,0.025525914505124092,0.04903768002986908,0.03372516483068466,0.06808038800954819,0.028035396710038185,0.0,0.014798830263316631,0.04277082160115242,0.0,0.21201324462890625,0.11923392117023468,0.0,0.028190404176712036,0.031063508242368698,GXqxXYwlxdEKuqwEAAASS-1,I'll Be Gone in the Dark
0,0.316998690366745,0.1352842152118683,0.01556346844881773,0.013655547983944416,0.022817058488726616,0.05956080183386803,0.01877558045089245,0.0,0.008241977542638779,0.022346029058098793,0.0,0.17891407012939453,0.14314185082912445,0.0,0.041129566729068756,0.02357115037739277,GXqxXYwlxdEKuqwEAAASS-1,I'll Be Gone in the Dark
0,0.1467711627483368,0.0698523297905922,0.10661754757165909,0.042793069034814835,0.05061934143304825,0.055241476744413376,0.04527147114276886,0.028072424232959747,0.026183264330029488,0.04006587713956833,0.0,0.03396763652563095,0.07233662903308868,0.12086451798677444,0.13348227739334106,0.027860969305038452,GXqxXjAFASIC9JwEAAALh-1,Lovecraft Country
0,0.32171785831451416,0.0,0.0,0.0,0.0,0.2962866425514221,0.0,0.0,0.0,0.0,0.0,0.3819955289363861,0.0,0.0,0.0,0.0,GXr2qigEnPpGXWQEAAAJu-1,Looney Tunes Cartoons
0,0.22826649248600006,0.11525029689073563,0.0037254844792187214,0.008597614243626595,0.011166985146701336,0.02323237806558609,0.15292830765247345,0.008259356953203678,0.002432023175060749,0.016359226778149605,0.37640535831451416,0.003852865193039179,0.008034900762140751,0.020972928032279015,0.01784943975508213,0.0026663336902856827,GXr2qigEnPpGXWQEAAAJu-2,Looney Tunes Cartoons
0,0.11553659290075302,0.04674868285655975,0.017110709100961685,0.020546775311231613,0.027467483654618263,0.037290580570697784,0.27957868576049805,0.0,0.02075459249317646,0.02662738598883152,0.0,0.03188680484890938,0.05414669215679169,0.2632000744342804,0.029720649123191833,0.029384365305304527,GXr8Ocg88_cLCAAEAAARx,Welcome to Chechnya
0,0.20147468149662018,0.0,0.0,0.0,0.0,0.2181142121553421,0.0,0.0,0.029796434566378593,0.0,0.0,0.34720003604888916,0.0,0.0,0.0,0.20341458916664124,GXrHrjABlSYmBSgEAAABn,Magic Mike
0,0.22460845112800598,0.14444825053215027,0.00640780059620738,0.008067586459219456,0.01130900252610445,0.019149206578731537,0.17099440097808838,0.004907442722469568,0.00961984321475029,0.01699526607990265,0.3304350674152374,0.003984123934060335,0.008890587836503983,0.023134788498282433,0.014141458086669445,0.002906664041802287,GXrM2ZQ4H5YsvwgEAAAAU-2,The Not-Too-Late Show With Elmo
0,0.08230850100517273,0.06581143289804459,0.0,0.0,0.424726665019989,0.10182294249534607,0.0,0.0,0.11360868811607361,0.0,0.0,0.11819986999034882,0.0,0.0,0.0,0.09352196007966995,GXrMnpw0DOK2brQEAAAKm,"Yvonne Orji: Momma, I Made It!"
0,0.18593360483646393,0.06464153528213501,0.030261997133493423,0.037633005529642105,0.06255120038986206,0.06238382309675217,0.17113010585308075,0.0,0.012424036860466003,0.02790089324116707,0.0,0.1928633153438568,0.06930677592754364,0.0,0.03060796670615673,0.05236172303557396,GXrR0EARoJo5awgEAAAMM,Midway
0,0.24651971459388733,0.05974768102169037,0.11544516682624817,0.0500040277838707,0.07151778042316437,0.0470997653901577,0.10809021443128586,0.026146849617362022,0.02651226706802845,0.03389187529683113,0.0,0.03094104491174221,0.09495136141777039,0.0,0.04914262518286705,0.039989616721868515,GXrR0JArE6Y5awgEAAAMQ,Motherless Brooklyn
0,0.21262605488300323,0.12059888988733292,0.10109979659318924,0.06057057902216911,0.06689079105854034,0.05519544333219528,0.014798073098063469,0.0,0.039145663380622864,0.02984132245182991,0.0,0.04966217279434204,0.1054491177201271,0.0,0.07592234760522842,0.06819971650838852,GXrRz_ApV_r7DwgEAAANN,Last Christmas
0,0.0,0.0,0.0,0.0,0.0,0.3040756285190582,0.0,0.0,0.2769668698310852,0.0,0.0,0.0,0.0,0.0,0.0,0.4189574718475342,GXrxUzQ5VqrGGtAEAAAAd-1,Love Life
0,0.29463762044906616,0.14054732024669647,0.0072357566095888615,0.009188673458993435,0.012408316135406494,0.016850681975483894,0.14130957424640656,0.005336062517017126,0.011229388415813446,0.014499806798994541,0.2984199523925781,0.004940788261592388,0.00795828178524971,0.022380461916327477,0.00842028297483921,0.004636966623365879,GXrxUzQ5VqrGGtAEAAAAd-2,Love Life
0,0.14296962320804596,0.025613436475396156,0.0,0.0,0.037182584404945374,0.07984669506549835,0.0,0.0,0.028420381247997284,0.025094889104366302,0.0,0.5897395610809326,0.01751539669930935,0.0,0.024452025070786476,0.02916545234620571,GXs2YcQyss8NMvwEAAAIU,Bully. Coward. Victim. The Story of Roy Cohn
0,0.14264246821403503,0.0,0.0,0.0,0.0,0.23486503958702087,0.0,0.0,0.20327824354171753,0.0,0.0,0.41921427845954895,0.0,0.0,0.0,0.0,GXsRXGAJrtsPDFwEAAAAC-1,Legendary
0,0.12738777697086334,0.17827710509300232,0.0030111095402389765,0.007952388375997543,0.007954996079206467,0.0103681031614542,0.13111132383346558,0.0070605166256427765,0.0026935141067951918,0.020643481984734535,0.4634155035018921,0.004000882618129253,0.009869098663330078,0.012794448994100094,0.010502809658646584,0.0029569375328719616,GXsRXGAJrtsPDFwEAAAAC-2,Legendary
0,0.41504308581352234,0.022930674254894257,0.0,0.011085152626037598,0.06365829706192017,0.16106662154197693,0.004229986108839512,0.0,0.05562479794025421,0.034545473754405975,0.0,0.02379089593887329,0.1086835116147995,0.0,0.05407033488154411,0.04527110606431961,GXsglJQS-CIsfsAEAAABI-1,Esme & Roy
0,0.4285794794559479,0.015130452811717987,0.0,0.015636662021279335,0.02578597143292427,0.08171345293521881,0.0028981028590351343,0.0,0.025940075516700745,0.04436211660504341,0.0,0.036392223089933395,0.21433116495609283,0.0,0.06371520459651947,0.04551513493061066,GXtf0UwTqw8JHjQEAAAbT,Scoob!
0,0.19092538952827454,0.10267233103513718,0.04409551993012428,0.04592292010784149,0.039269257336854935,0.08398807793855667,0.06938809156417847,0.03519854322075844,0.02321198582649231,0.03795716539025307,0.0,0.03580586984753609,0.11172369867563248,0.12410598248243332,0.045067477971315384,0.010667640715837479,GXtj5nATnipuSkwEAAAOk,Transhood
0,0.17948466539382935,0.06447348743677139,0.10401741415262222,0.05478022247552872,0.04168829321861267,0.03910910338163376,0.09921299666166306,0.03281540423631668,0.03218197077512741,0.03697719797492027,0.0,0.042225323617458344,0.08910613507032394,0.0,0.14685896039009094,0.03706876188516617,GXtp1iAUbtcJHjQEAAAg3,Jojo Rabbit
0,0.16621235013008118,0.040024615824222565,0.07881300151348114,0.031785327941179276,0.024906804785132408,0.04023926705121994,0.017506901174783707,0.019429100677371025,0.02853326126933098,0.027475792914628983,0.0,0.017317717894911766,0.05917275696992874,0.32962852716445923,0.0951453298330307,0.02380925603210926,GXtq0PQyT7MPCwgEAAAaq,Birds of Prey: Harley Quinn
0,0.2037055641412735,0.05511953681707382,0.099832683801651,0.03867107629776001,0.035236191004514694,0.06686068326234818,0.08251102268695831,0.02748980186879635,0.03886307775974274,0.04086808115243912,0.0,0.053040310740470886,0.13063600659370422,0.056995078921318054,0.05437184125185013,0.015799086540937424,GXtq1sAVhqMJHjQEAAAjP,Queen & Slim
0,0.18964427709579468,0.14242270588874817,0.08417545258998871,0.05708727613091469,0.03808433562517166,0.07942267507314682,0.02007758431136608,0.0,0.02904980070888996,0.05457170680165291,0.0,0.06930376589298248,0.08626063913106918,0.0,0.08117328584194183,0.0687265545129776,GXtviwAI5ZJuSkwEAAAa4-1,Close Enough
0,0.039523687213659286,0.028963463380932808,0.0035231634974479675,0.005895192734897137,0.0039752451702952385,0.0077371723018586636,0.01702415943145752,0.003278460819274187,0.0019733798690140247,0.007840885780751705,0.8469286561012268,0.004471024964004755,0.01138696912676096,0.010859229601919651,0.00477440794929862,0.0018448596820235252,GXtviwAI5ZJuSkwEAAAa4-2,Close Enough
0,0.15495565533638,0.11485092341899872,0.004465979989618063,0.012316154316067696,0.011682543903589249,0.008618909865617752,0.10008023679256439,0.009526110254228115,0.0030690759886056185,0.014123829081654549,0.513962984085083,0.0063504367135465145,0.013571646064519882,0.017891565337777138,0.009398755617439747,0.0051351748406887054,GXuFAsAdPy8PCwgEAAAyj-2,Tig n' Seek
0,0.1874891221523285,0.07824874669313431,0.10393580794334412,0.03808870539069176,0.08194682747125626,0.03768375515937805,0.11588114500045776,0.031400784850120544,0.05104612931609154,0.043696969747543335,0.0,0.0356183722615242,0.10154198855161667,0.0,0.05671316757798195,0.03670848160982132,GXuqhmQVncQq_tgEAAAJc-1,The Dog House: UK
0,0.22720986604690552,0.11699619889259338,0.00364731065928936,0.008629851043224335,0.010993464849889278,0.02355990558862686,0.1579761505126953,0.008639547042548656,0.00227657170034945,0.016602758318185806,0.3765198588371277,0.003991497214883566,0.008156740106642246,0.021617360413074493,0.011095435358583927,0.0020875006448477507,GXuqhmQVncQq_tgEAAAJc-2,The Dog House: UK
0,0.2801148295402527,0.1641499102115631,0.058192286640405655,0.0469043105840683,0.04085705801844597,0.06399085372686386,0.004752323962748051,0.0,0.02292553521692753,0.03764249384403229,0.0,0.0689345970749855,0.11244797706604004,0.0,0.057374197989702225,0.04171362519264221,GXv0MTwGYxMPDwgEAAAK--1,Expecting Amy
0,0.24331757426261902,0.09885382652282715,0.0979289785027504,0.06430856883525848,0.053528714925050735,0.03982650488615036,0.07670825719833374,0.03635965287685394,0.03916909545660019,0.03282316401600838,0.0,0.033534932881593704,0.09167689830064774,0.0,0.06649025529623032,0.02547355741262436,GXvNE_wCRNYaEUwEAAAGh,Showbiz Kids
0,0.2512434124946594,0.10020720958709717,0.09215790033340454,0.05472714826464653,0.03245971351861954,0.05385461822152138,0.07446099817752838,0.0,0.047655001282691956,0.03653828054666519,0.0,0.03608635440468788,0.0912773534655571,0.0,0.059326644986867905,0.0700053721666336,GXvNyewzy18LDGQEAAAIX-1,Foodie Love
0,0.18451417982578278,0.08999280631542206,0.036895666271448135,0.04196678102016449,0.03153907507658005,0.14734172821044922,0.1010994240641594,0.02834482491016388,0.017894359305500984,0.0333617702126503,0.0,0.0333552323281765,0.10390881448984146,0.10069399327039719,0.03908674046397209,0.010004647076129913,GXvTTlQwJdcLDGQEAAAMj-1,House of Ho
0,0.09530871361494064,0.04985528066754341,0.09329719841480255,0.03890465945005417,0.023725343868136406,0.04108843952417374,0.0463457815349102,0.02520439215004444,0.021825063973665237,0.03234328702092171,0.0,0.06332717090845108,0.06780063360929489,0.26567861437797546,0.11267591267824173,0.022619538009166718,GXvzYEwgacppiwwEAAAGL-1,Hard Knocks: Los Angeles
0,0.2650868892669678,0.08610421419143677,0.12139829248189926,0.03940686210989952,0.061130933463573456,0.05151919648051262,0.09515583515167236,0.03432169929146767,0.02999444305896759,0.03788336366415024,0.0,0.03043253906071186,0.0697658434510231,0.0,0.05066810920834541,0.027131810784339905,GXvzwwASJ2MPDwgEAAAKp,The Weight of Gold
0,0.2204011082649231,0.07531368732452393,0.10857696086168289,0.041410237550735474,0.04595954716205597,0.0605800561606884,0.023401634767651558,0.029112786054611206,0.036757536232471466,0.037050407379865646,0.0,0.02651921845972538,0.11637189984321594,0.0865427777171135,0.07091166824102402,0.021090539172291756,GXw8V6gsANMPDwgEAAAe5,HA Festival: The Art of Comedy
0,0.2191566377878189,0.07437849789857864,0.109495609998703,0.040885500609874725,0.04506377503275871,0.06272775679826736,0.02413480542600155,0.029706643894314766,0.03602169081568718,0.037611138075590134,0.0,0.021293682977557182,0.11630790680646896,0.0915709063410759,0.07031280547380447,0.021332642063498497,GXwzPRAf5ncPDwgEAAAcY,Rose Matafeo: Horndog
0,0.16301089525222778,0.08300543576478958,0.11274821311235428,0.05682694911956787,0.038338664919137955,0.0622437484562397,0.061179060488939285,0.03437045216560364,0.03171698749065399,0.04998994246125221,0.0,0.019473686814308167,0.08111987262964249,0.01461801864206791,0.15023910999298096,0.041119009256362915,GXx82gg4CKsPCKAEAAAAX-1,Invisible Stories
0,0.3201301693916321,0.061657365411520004,0.0753011405467987,0.028122760355472565,0.038604818284511566,0.10264216363430023,0.05910482257604599,0.01904657669365406,0.0184224434196949,0.024790503084659576,0.0,0.025317322462797165,0.11397801339626312,0.048270583152770996,0.0492076650261879,0.015403607860207558,GXx9sDwE-Ta0MlAEAAACQ-1,The Third Day
0,0.2188679724931717,0.07447949051856995,0.10845844447612762,0.0394875667989254,0.04899086058139801,0.060819871723651886,0.024426108226180077,0.028144069015979767,0.038920316845178604,0.03783978149294853,0.0,0.0247108843177557,0.11171610653400421,0.09265269339084625,0.07244706898927689,0.018038732931017876,GXxCKIQ4nPMLCwgEAAAAD,Beth Stelling: Girl Daddy
0,0.13444891571998596,0.04955074191093445,0.08885076642036438,0.03349221870303154,0.035439737141132355,0.03279172629117966,0.04004818946123123,0.02294120565056801,0.022115260362625122,0.02967836707830429,0.0,0.032682813704013824,0.05463993176817894,0.30500608682632446,0.10137216746807098,0.01694181188941002,GXxiTeAijaTFAlwEAAADX-1,Selena + Chef
0,0.2928624749183655,0.14406675100326538,0.0071040973998606205,0.009705114178359509,0.013465750962495804,0.01664958894252777,0.14328257739543915,0.005347871221601963,0.009961578994989395,0.01403801515698433,0.29491186141967773,0.006838417146354914,0.008173489011824131,0.020296283066272736,0.008595132268965244,0.0047010197304189205,GXxiTeAijaTFAlwEAAADX-3,Selena + Chef
0,0.2607358694076538,0.08994729071855545,0.10949694365262985,0.03970701992511749,0.055086828768253326,0.04952051863074303,0.09100907295942307,0.02251690998673439,0.029594823718070984,0.03907608613371849,0.0,0.03122330829501152,0.07962074875831604,0.0,0.06892320513725281,0.033541370183229446,GXxnHdAHS5cN_vAEAAAKa-1,Frayed
0,0.28847336769104004,0.13550610840320587,0.008072205819189548,0.008925482630729675,0.011069705709815025,0.014790951274335384,0.15817750990390778,0.0050994884222745895,0.009166907519102097,0.014343993738293648,0.2843760848045349,0.005715321283787489,0.008640259504318237,0.025406813248991966,0.01911545917391777,0.0031203406397253275,GXxnHdAHS5cN_vAEAAAKa-2,Frayed
0,0.16258785128593445,0.07138249278068542,0.12305188924074173,0.03913382813334465,0.045433711260557175,0.049657631665468216,0.18618211150169373,0.039710503071546555,0.024248026311397552,0.047563519328832626,0.0,0.041828036308288574,0.0746045932173729,0.0,0.04313427209854126,0.051481522619724274,GXxooMQGJCcN_vAEAAALf,Seeing America with Megan Rapinoe
0,0.21582895517349243,0.06855694949626923,0.10804712772369385,0.03833286464214325,0.04943791404366493,0.06644368171691895,0.024335259571671486,0.03013514168560505,0.03833505138754845,0.039431676268577576,0.0,0.036657143384218216,0.10818624496459961,0.08638353645801544,0.0691785141825676,0.020709918811917305,GXxs27QAGY7CYnwEAAABX,Conan O'Brien's Team Coco Presents: James Veitch: Straight to VHS
0,0.3214685916900635,0.06424839794635773,0.08317204564809799,0.030787285417318344,0.0406944677233696,0.07871963828802109,0.061384525150060654,0.02301126904785633,0.022631611675024033,0.028748147189617157,0.0,0.028583882376551628,0.08810918033123016,0.04996213689446449,0.0589430071413517,0.01953583024442196,GXxsXSgEGzWLCwwEAAAA--1,We Are Who We Are
0,0.11243899166584015,0.04697362333536148,0.0977877601981163,0.04051937535405159,0.03326117992401123,0.0352962352335453,0.018346810713410378,0.023856328800320625,0.02351476065814495,0.036446843296289444,0.0,0.031479399651288986,0.06510553508996964,0.29890069365501404,0.11531321704387665,0.0207592211663723,GXyBqMwsBScPCwgEAAAAC,On the Trail: Inside the 2020 Primaries
0,0.21806380152702332,0.05269928276538849,0.11609552055597305,0.040794458240270615,0.046482451260089874,0.06036459654569626,0.11351635307073593,0.028256438672542572,0.026067649945616722,0.03572060912847519,0.0,0.02781660482287407,0.08860569447278976,0.06207975745201111,0.06310398876667023,0.02033281698822975,GXyGa5Q0Nm8PCKAEAAAL7-1,Ravi Patel's Pursuit of Happiness
0,0.1609785109758377,0.07516348361968994,0.12456483393907547,0.05566742643713951,0.04355744644999504,0.05563995614647865,0.03662005439400673,0.03109261579811573,0.03233097121119499,0.045183002948760986,0.0,0.024030935019254684,0.07514650374650955,0.058052096515893936,0.15277427434921265,0.02919789031147957,GXyIYDACdyMNlkwEAAAAE,An American Pickle
0,0.22927457094192505,0.07476720958948135,0.08261571079492569,0.039499711245298386,0.0356232114136219,0.12361306697130203,0.0336141362786293,0.021905625239014626,0.023240797221660614,0.03626686707139015,0.0,0.034896623343229294,0.1318243443965912,0.05309034138917923,0.06311169266700745,0.016656111925840378,GXzFhoAT83gLCOAEAAAdE,Downhill
0,0.2061026394367218,0.060406967997550964,0.09555044770240784,0.037158966064453125,0.031554702669382095,0.05089419335126877,0.058333102613687515,0.024716800078749657,0.026937199756503105,0.02690182998776436,0.0,0.030520571395754814,0.20753419399261475,0.06815725564956665,0.04868807643651962,0.026543067768216133,GXzPzfwbR3IiCwgEAAAAS-1,The Vow
0,0.23141852021217346,0.08683620393276215,0.09896010160446167,0.03677394613623619,0.05487558990716934,0.06405875086784363,0.06029296666383743,0.024051500484347343,0.02405860647559166,0.03633987903594971,0.0,0.03949208930134773,0.10610287636518478,0.04474468529224396,0.06372740864753723,0.0282669048756361,GXzWHSw7O4UvDbQEAAAAC-1,Gosta
0,0.014111862517893314,0.0069420114159584045,0.0009935959242284298,0.0014239032752811909,0.0015182953793555498,0.0018368213204666972,0.0019064969383180141,0.0009027812047861516,0.00040902532055042684,0.0019191907485947013,0.9604862332344055,0.0007686790195293725,0.00237070070579648,0.0028953454457223415,0.0010734322713688016,0.0004416203883010894,GYA79hQZbUsI3gQEAAAB0,The Little Things
0,0.029835211113095284,0.010168139822781086,0.0018949955701828003,0.0024216396268457174,0.0017921954859048128,0.0031942520290613174,0.010444728657603264,0.001506217522546649,0.0010463281068950891,0.0038682217709720135,0.9181495308876038,0.002194388769567013,0.004696421790868044,0.005280350334942341,0.002717460272833705,0.0007898822077549994,GYA8lqAJMFcLDcgEAAAIG-1,Head of the Class
0,0.1592230498790741,0.10873270779848099,0.0038764860946685076,0.010115602053701878,0.006760678719729185,0.01919158175587654,0.10772120207548141,0.006397814955562353,0.003097228705883026,0.012888737954199314,0.5094767808914185,0.005335330497473478,0.013231460005044937,0.012499245814979076,0.017688345164060593,0.0037637827917933464,GYB2e7gq3xivCIgEAAAAb,Tina
0,0.11845437437295914,0.11055852472782135,0.003343640360981226,0.009492240846157074,0.009143403731286526,0.01322447881102562,0.0949929878115654,0.009984815493226051,0.0028259912505745888,0.012533800676465034,0.5707622170448303,0.004583335015922785,0.011530705727636814,0.014887915924191475,0.008207904174923897,0.00547364167869091,GYB3A4QcDM8LDAgEAAABX,The Day Sports Stood Still
0,0.10831014066934586,0.035953737795352936,0.004869632888585329,0.007916388101875782,0.0052427127957344055,0.009138722904026508,0.020543251186609268,0.004559237509965897,0.003822800936177373,0.012643699534237385,0.7372481822967529,0.00847155787050724,0.0148930000141263,0.016260772943496704,0.007331455126404762,0.0027946613263338804,GYB3SAQKmr698pQEAAABL-1,Allen v. Farrow
0,0.0158738624304533,0.007246701046824455,0.001514724688604474,0.0019986447878181934,0.0013613974442705512,0.0026051574386656284,0.005665892269462347,0.001203172723762691,0.0008833434549160302,0.0031546757090836763,0.9467520117759705,0.0016406994545832276,0.0038246565964072943,0.003389072837308049,0.002240894129499793,0.0006451348308473825,GYBMTBAxniqsjwwEAAAAR-1,The Bridge
0,0.26276156306266785,0.1700654923915863,0.007701499853283167,0.008543692529201508,0.01133422926068306,0.016375582665205002,0.1557265669107437,0.005736599676311016,0.009612194262444973,0.014963710680603981,0.27834635972976685,0.003989632707089186,0.009129593148827553,0.02394827827811241,0.018151555210351944,0.0036134454421699047,GYBMydQXlsRCVgQEAAAAz-2,gen:LOCK
0,0.026061933487653732,0.009969308972358704,0.0015958426520228386,0.0022356915287673473,0.0016807393403723836,0.0026258649304509163,0.005339320749044418,0.0012600444024428725,0.0007740816217847168,0.003306917380541563,0.9295897483825684,0.0031503920909017324,0.004725758917629719,0.004580664448440075,0.0023654461838304996,0.0007383242482319474,GYBNQtQFalIcyvgEAAAAs-1,The Head
0,0.17103269696235657,0.18184593319892883,0.0037570958957076073,0.009938501752912998,0.007754207123070955,0.010691647417843342,0.12106343358755112,0.005748439580202103,0.0021842350251972675,0.011195467785000801,0.43619441986083984,0.0037274984642863274,0.010570596903562546,0.010687499307096004,0.009907067753374577,0.00370127335190773,GYBllVQbyTkOLlAEAAAAC-1,The Nevers
0,0.028214896097779274,0.010437588207423687,0.0018852715147659183,0.002515221480280161,0.0018534947885200381,0.0031744090374559164,0.005316469818353653,0.0016049821861088276,0.0009339349344372749,0.0036682141944766045,0.9241974949836731,0.0029980677645653486,0.004689261317253113,0.005387933924794197,0.00236437376588583,0.0007584282429888844,GYBmsKA4FaUnDdQEAAAAj,Judas and the Black Messiah
0,0.12450070679187775,0.08395031839609146,0.0036907242611050606,0.009102935902774334,0.010400594212114811,0.007592896930873394,0.09577295184135437,0.006322873756289482,0.0032744426280260086,0.011547897942364216,0.5974173545837402,0.006026494782418013,0.011541205458343029,0.013250598683953285,0.009036386385560036,0.006571620237082243,GYC1puQhu1cLCwgEAAAA0,Persona: The Dark Truth Behind Personality Tests
0,0.14136244356632233,0.10379409044981003,0.003941347356885672,0.010035700164735317,0.013806680217385292,0.007289067842066288,0.08486689627170563,0.007220492698252201,0.0023763247299939394,0.011411411687731743,0.5682824850082397,0.005811674054712057,0.011170848272740841,0.015827588737010956,0.008343595080077648,0.004459406714886427,GYCb8twFvgMNNUAEAAAA1-1,Genera+ion
0,0.1542757749557495,0.13095907866954803,0.003567487234249711,0.009099987335503101,0.009017068892717361,0.014589614234864712,0.10892952233552933,0.00657279510051012,0.002058466663584113,0.011249863542616367,0.5073590278625488,0.004808290861546993,0.011556511744856834,0.013884928077459335,0.008668303489685059,0.003403295762836933,GYCiC1Q8picLCfAEAAAAC-1,Mare of Easttown
0,0.14612115919589996,0.09738738089799881,0.003976453561335802,0.009960171766579151,0.013080625794827938,0.008746211417019367,0.07100369781255722,0.007816440425813198,0.002829859033226967,0.010597215965390205,0.5830401182174683,0.006152807734906673,0.011722231283783913,0.016576629132032394,0.0073163495399057865,0.003672701306641102,GYDAnZgCFQ8IJpQEAAAAN,Zack Snyder's Justice League
0,0.14359425008296967,0.1224948987364769,0.003994488622993231,0.01044653169810772,0.008559152483940125,0.020717261359095573,0.06458165496587753,0.00786440260708332,0.003393161576241255,0.01306312158703804,0.5518008470535278,0.005142974201589823,0.012575474567711353,0.016136785969138145,0.00885036215186119,0.006784634664654732,GYDk9Ig48c5i6hgEAAAA7-1,Q: Into the Storm
0,0.1632489711046219,0.13068556785583496,0.003475505392998457,0.008114383555948734,0.01202497910708189,0.011695926077663898,0.12498582154512405,0.0071661449037492275,0.0017265311907976866,0.009762348607182503,0.48913946747779846,0.004026530776172876,0.010641277767717838,0.012127041816711426,0.0072705489583313465,0.003908978309482336,GYEJfggAmqTO8jwEAAAAC,The Last Cruise
0,0.255481481552124,0.13559968769550323,0.006763475015759468,0.008712825365364552,0.009757631458342075,0.01651741750538349,0.14453011751174927,0.006229957565665245,0.00915464200079441,0.014350121840834618,0.34450554847717285,0.004918944090604782,0.007060463074594736,0.021037261933088303,0.011518878862261772,0.0038615919183939695,GYEaaAgS0AV9_ZwEAAAAC-2,South Side
0,0.22943858802318573,0.16273970901966095,0.0061876289546489716,0.007494598161429167,0.013224223628640175,0.018657224252820015,0.1691664308309555,0.006049736402928829,0.007281873375177383,0.013093505054712296,0.3154131770133972,0.0031125012319535017,0.007737449835985899,0.02736998349428177,0.010307188145816326,0.0027261637151241302,GYEabGA1pi19_ZwEAAAAK-2,The Other Two
0,0.11628089100122452,0.03788761794567108,0.005907961167395115,0.0074914367869496346,0.006104729138314724,0.009536715224385262,0.0263441801071167,0.0041838716715574265,0.003576813265681267,0.010965174064040184,0.7262986302375793,0.0052437796257436275,0.015215463936328888,0.016037490218877792,0.00580168329179287,0.003123596077784896,GYEb9QwLgFF9_ZwEAAAA7,Tom & Jerry
0,0.2023116946220398,0.153794527053833,0.003795369528234005,0.007468433119356632,0.009680145420134068,0.013465408235788345,0.10879483819007874,0.004072287585586309,0.0021257863845676184,0.011196504347026348,0.44329240918159485,0.006003210321068764,0.010808339342474937,0.011549876071512699,0.008876550011336803,0.0027646454982459545,GYEo27wV1b5O1wwEAAAAC-1,Exterminate All the Brutes
0,0.12494257092475891,0.1532052457332611,0.0028487304225564003,0.007339474745094776,0.006640321109443903,0.007172376848757267,0.13162831962108612,0.0066917347721755505,0.00171247951220721,0.009624771773815155,0.5141888856887817,0.0037045422941446304,0.009599604643881321,0.011272613890469074,0.005462274886667728,0.003966099116951227,GYEq4eApHYpA4cwEAAAAC,Tenet
0,0.16059507429599762,0.11077243089675903,0.004183223005384207,0.009137731976807117,0.01386229693889618,0.009118504822254181,0.12063479423522949,0.0054438794031739235,0.0036432226188480854,0.01074783131480217,0.5112147331237793,0.005328386556357145,0.012133081443607807,0.012962841428816319,0.007159920409321785,0.0030620575416833162,GYEqQ7wi3xJ2evQEAAAAI,The Garden of Evening Mists
0,0.13640610873699188,0.16086603701114655,0.003551832865923643,0.008103366941213608,0.010303083807229996,0.009440531954169273,0.17004776000976562,0.00460429210215807,0.0020423412788659334,0.020081590861082077,0.4411037564277649,0.00557713583111763,0.009627488441765308,0.00949045643210411,0.0059837764129042625,0.002770411316305399,GYEvwdARqEpEIfwEAAAAI,Greenland
0,0.1157590001821518,0.10162997990846634,0.0030939122661948204,0.009037909097969532,0.00616832822561264,0.013756824657320976,0.12213131040334702,0.008275099098682404,0.002331859664991498,0.010807471349835396,0.5622643828392029,0.003671004669740796,0.011360574513673782,0.017267491668462753,0.0076957144774496555,0.00474909832701087,GYFD91Qfwqa53mwEAAAA1-1,Baketopia
0,0.18152403831481934,0.1722785085439682,0.003751907031983137,0.009600010700523853,0.010308286175131798,0.010545802302658558,0.1117115244269371,0.01009285356849432,0.002599662635475397,0.012168616987764835,0.4186217784881592,0.0040253703482449055,0.011949120089411736,0.014245833270251751,0.020886259153485298,0.005690370220690966,GYFE2Tg8P-76tMQEAAAAS-1,Made For Love
0,0.1323043406009674,0.10224313288927078,0.003628126112744212,0.010297045111656189,0.012005209922790527,0.01776980794966221,0.1431545615196228,0.0068880836479365826,0.0016884059878066182,0.012240969575941563,0.5126445889472961,0.004087235312908888,0.011274372227489948,0.01501118391752243,0.00881179142743349,0.005951101426035166,GYFEzmwNES16GkQEAAAAC,Godzilla vs. Kong
0,0.1479344367980957,0.13796882331371307,0.003676193067803979,0.009610794484615326,0.010385312139987946,0.010774523951113224,0.08736775815486908,0.009092815220355988,0.002683221362531185,0.016351183876395226,0.5141664743423462,0.0047170319594442844,0.01105938758701086,0.012037011794745922,0.017802000045776367,0.004372997209429741,GYFuzsAQIP73CUAEAAAAd-1,Generation Hustle
0,0.1472795158624649,0.1384722888469696,0.004019107669591904,0.009453070349991322,0.010692760348320007,0.011031124740839005,0.08717980235815048,0.009214619174599648,0.0028815465047955513,0.016454212367534637,0.5124371647834778,0.004770701751112938,0.01131107471883297,0.012491071596741676,0.01787114143371582,0.004440805874764919,GYFuzuwmKpY-KwgEAAABO-1,Ellen's Next Great Designer
0,0.14437349140644073,0.16803312301635742,0.0036790405865758657,0.0077078877948224545,0.007826391607522964,0.009698526933789253,0.13696958124637604,0.0047073764726519585,0.002370591275393963,0.016421644017100334,0.46148526668548584,0.004897458478808403,0.010502500459551811,0.01085116807371378,0.008020314387977123,0.0024556529242545366,GYG8_bgHgxWvDIwEAAACA-1,That Damn Michael Che
0,0.19820766150951385,0.17779065668582916,0.0034390974324196577,0.007163534872233868,0.013021030463278294,0.022456109523773193,0.1581510454416275,0.006440423429012299,0.00792021956294775,0.01288860384374857,0.34417685866355896,0.0036533745005726814,0.007186250761151314,0.019516777247190475,0.016047319397330284,0.001941078226082027,GYGYDfAMZDYi0wgEAAACk-1,The Prince
0,0.1967325359582901,0.12032792717218399,0.0033930896315723658,0.009236312471330166,0.008446244522929192,0.01370932161808014,0.12669366598129272,0.0075295004062354565,0.003271679859608412,0.011190876364707947,0.46236905455589294,0.003585236147046089,0.008958677761256695,0.013052482157945633,0.007935897447168827,0.0035675412509590387,GYGYKfQwaKLheqwEAAAEC,Mortal Kombat
0,0.2450689822435379,0.1517915427684784,0.0070813060738146305,0.007698539644479752,0.010576186701655388,0.01715715602040291,0.15313167870044708,0.005535989999771118,0.009380380623042583,0.01305006630718708,0.3206542432308197,0.005833963397890329,0.008277615532279015,0.025221025571227074,0.015265759080648422,0.004275572020560503,GYGZf-gRNsbSJigEAAAAT-1,Yabba Dabba Dinosaurs
0,0.12592267990112305,0.13859811425209045,0.0031875320710241795,0.008485097438097,0.0120780561119318,0.015396272763609886,0.15334899723529816,0.006759545765817165,0.0022641392424702644,0.012252980843186378,0.4798937141895294,0.005111965816468,0.010768461041152477,0.012922197580337524,0.008098572492599487,0.004911729134619236,GYGdpLQyFccMfwwEAAAAu-1,"Pray, Obey, Kill (Knutby: I blind tro)"
0,0.1847924143075943,0.1849662959575653,0.004193055909126997,0.011140555143356323,0.012657481245696545,0.013452937826514244,0.15398697555065155,0.012805263511836529,0.0022198185324668884,0.019345227628946304,0.35019904375076294,0.003836035029962659,0.01342486310750246,0.018810516223311424,0.011107683181762695,0.003061783965677023,GYH8W5wtYpsPDwgEAAAAC,Those Who Wish Me Dead
0,0.17274212837219238,0.1509111076593399,0.003985047340393066,0.01003209874033928,0.015016485936939716,0.016992764547467232,0.1214313730597496,0.007121669128537178,0.0038314012344926596,0.01437580119818449,0.42686647176742554,0.00612735515460372,0.011214794591069221,0.014133362099528313,0.02196570299565792,0.0032525015994906425,GYHnSfwQQ1o6fgAEAAAAX,Oslo
0,0.14266115427017212,0.15023598074913025,0.003238322911784053,0.008456304669380188,0.01103704422712326,0.008384882472455502,0.20642152428627014,0.006070590112358332,0.0027261762879788876,0.019792446866631508,0.3961695730686188,0.004318155813962221,0.010565292090177536,0.01902996189892292,0.007315186318010092,0.003577455412596464,GYIBToQrPdotpNQEAAAEa-1,Hacks
0,0.1966806799173355,0.1446906179189682,0.0028913950081914663,0.009983772411942482,0.010825088247656822,0.026068065315485,0.15430410206317902,0.005309377796947956,0.0025712319184094667,0.013921531848609447,0.3742314279079437,0.00417582830414176,0.009482980705797672,0.028908642008900642,0.01319151185452938,0.002763729775324464,GYJGBlAoOOjkUwwEAAAAO,Revolution Rent
0,0.17231686413288116,0.15536333620548248,0.003833509748801589,0.009604573249816895,0.0128535320982337,0.0145422937348485,0.12667888402938843,0.006495025474578142,0.0023015381302684546,0.015202621929347515,0.4327293038368225,0.0045691258274018764,0.009853550232946873,0.011781305074691772,0.0178061630576849,0.004068452399224043,GYJxCDACcN8PDewEAAAAG,Friends: The Reunion
0,0.20631110668182373,0.13357733190059662,0.003645257093012333,0.008462676778435707,0.013107544742524624,0.025620467960834503,0.2083960771560669,0.005057660397142172,0.0024203883949667215,0.01717371679842472,0.3310510516166687,0.00383751536719501,0.007670425809919834,0.02154008112847805,0.009294053539633751,0.002834606682881713,GYK0lqgy8KZiWvwEAAAAH,Shiva Baby
0,0.1872069239616394,0.12110704928636551,0.002981959842145443,0.007841951213777065,0.007975000888109207,0.020646149292588234,0.17357848584651947,0.005147105548530817,0.0025037876330316067,0.013616659678518772,0.40691375732421875,0.004441217053681612,0.008274226449429989,0.025254376232624054,0.010061385110020638,0.0024500747676938772,GYK0x7gXCza4OwwEAAADl,In the Heights
0,0.18826858699321747,0.16548800468444824,0.003611051244661212,0.008985812775790691,0.01155637763440609,0.022802432999014854,0.1623334288597107,0.0061861188150942326,0.0029407094698399305,0.017446378245949745,0.3555572032928467,0.003393154125660658,0.008347236551344395,0.026967329904437065,0.012898191809654236,0.0032179667614400387,GYK6A0wdFMsMdJgEAAAAJ-1,100 Foot Wave
0,0.19418269395828247,0.15601439774036407,0.003012005239725113,0.009566148743033409,0.00832328200340271,0.0279656033962965,0.15965791046619415,0.006238922011107206,0.002885604277253151,0.016894904896616936,0.36562973260879517,0.00479600066319108,0.008822801522910595,0.020929863676428795,0.011943056248128414,0.0031370592769235373,GYK_DLQlOGcLCwgEAAAC8,The Legend of the Underground
0,0.21724927425384521,0.15302371978759766,0.00330542610026896,0.009702261537313461,0.009707232937216759,0.0265921950340271,0.14207890629768372,0.00670899823307991,0.002326344605535269,0.018138794228434563,0.35559579730033875,0.003129263874143362,0.008949395269155502,0.024895500391721725,0.014760381542146206,0.003836575197055936,GYLD3_ArixL1sggEAAAHk-1,The White Lotus
0,0.21715280413627625,0.15176430344581604,0.003490276401862502,0.009251732379198074,0.009551571682095528,0.0259622260928154,0.14159175753593445,0.0065481155179440975,0.0022082142531871796,0.01853238046169281,0.3569281995296478,0.0034676729701459408,0.008729941211640835,0.025453973561525345,0.015514286234974861,0.0038525594864040613,GYLD3_ArixL1sggEAAAHk-1,The White Lotus
0,0.1653374284505844,0.17780806124210358,0.003444236470386386,0.009726391173899174,0.010861614719033241,0.017276117578148842,0.20949918031692505,0.005030965432524681,0.0021777069196105003,0.012630576267838478,0.34169209003448486,0.00333046936430037,0.009867879562079906,0.019810233265161514,0.008247348479926586,0.0032597172539681196,GYLEE7gB0zcLCwgEAAAHj,The Conjuring: The Devil Made Me Do It
0,0.19460274279117584,0.12517587840557098,0.0031755592208355665,0.008667861111462116,0.00772854033857584,0.022680142894387245,0.16711682081222534,0.006493867374956608,0.0025934698060154915,0.018882885575294495,0.38912433385849,0.005752623081207275,0.008215462788939476,0.022953785955905914,0.013956551440060139,0.0028794670943170786,GYMDm0AJXAH0LrgEAAAAF-1,Tom & Jerry in New York
0,0.2063097357749939,0.1373845934867859,0.0034763538278639317,0.00874076597392559,0.011796215549111366,0.02492133527994156,0.18220838904380798,0.006148084998130798,0.0023211059160530567,0.014662813395261765,0.3538065254688263,0.003499767277389765,0.007798641920089722,0.02160053141415119,0.012064728885889053,0.003260391764342785,GYME4cgyGt6EnCgEAAAAv-1,Gossip Girl
0,0.20009563863277435,0.13648205995559692,0.0036916937679052353,0.008769216947257519,0.008756088092923164,0.020956089720129967,0.14102615416049957,0.0045669241808354855,0.0024394639767706394,0.020224537700414658,0.4028128385543823,0.004456109367311001,0.00775730749592185,0.024807067587971687,0.010055131278932095,0.0031037253793329,GYMKCmA7sy5LDwwEAAAFh-1,Catch and Kill: The Podcast Tapes
0,0.21177265048027039,0.1269141584634781,0.003717942861840129,0.009149540215730667,0.011044035665690899,0.02459295466542244,0.16724266111850739,0.0048199365846812725,0.0020881029777228832,0.019266527146100998,0.3695553243160248,0.005149525590240955,0.00964123010635376,0.022427840158343315,0.009588085114955902,0.0030294950120151043,GYMn2AAMsl0yuwwEAAAAF,LFG
0,0.19329965114593506,0.12410826981067657,0.0031118320766836405,0.008846617303788662,0.007742410060018301,0.02308928221464157,0.16780109703540802,0.0069749061949551105,0.00249655544757843,0.0183241069316864,0.39155012369155884,0.005074803717434406,0.008462837897241116,0.022244848310947418,0.013684439472854137,0.003188150003552437,GYMzEGg049ruJvQEAAAAW,No Sudden Move
0,0.19357021152973175,0.18513759970664978,0.0032349403481930494,0.007574596907943487,0.010189672000706196,0.021612754091620445,0.15706834197044373,0.005611856002360582,0.00787650141865015,0.012820982374250889,0.35058459639549255,0.0030465193558484316,0.008114977739751339,0.019036460667848587,0.01244810689240694,0.002071875613182783,GYN4ytgmWp6fCNgEAAAH1,The Immortal (L’Immortale)
0,0.19666671752929688,0.18185462057590485,0.0033606826327741146,0.007071210537105799,0.010239200666546822,0.02171160839498043,0.15718892216682434,0.004823327995836735,0.008243288844823837,0.012264598160982132,0.3520083725452423,0.0040765199810266495,0.008115405216813087,0.0183628648519516,0.012384066358208656,0.0016285927267745137,GYN4ywAXUS1OLNgEAAAHg-1,FBOY ISLAND
0,0.20205341279506683,0.18059255182743073,0.00297951721586287,0.0070171719416975975,0.009943850338459015,0.021797552704811096,0.1566563993692398,0.0046936566941440105,0.0021473963279277086,0.01167530007660389,0.35654112696647644,0.003555488074198365,0.0064917635172605515,0.018572188913822174,0.013065400533378124,0.002217239001765847,GYN5EGgqu6mWVwwEAAALf-1,Jellystone
0,0.17893001437187195,0.14278796315193176,0.0032595342490822077,0.008088181726634502,0.01047107856720686,0.020481692627072334,0.1608394831418991,0.006079601123929024,0.007186871487647295,0.020358886569738388,0.3994893729686737,0.002056729281321168,0.00705419946461916,0.018964553251862526,0.011745716445147991,0.002206155564635992,GYNDICwRUa8JaswEAAAAo-1,Small Town News: KPVM Pahrump
0,0.21129152178764343,0.12676197290420532,0.0031976590398699045,0.008942046202719212,0.010973827913403511,0.024253886193037033,0.16757149994373322,0.004862911067903042,0.0025457674637436867,0.01961156353354454,0.36902713775634766,0.005428035743534565,0.00958328228443861,0.023007487878203392,0.00961984321475029,0.003321531228721142,GYNHTDQuvpMLCewEAAAAG-1,All That Glitters
0,0.21235820651054382,0.14747150242328644,0.006195618771016598,0.007527282927185297,0.011842276901006699,0.01687919907271862,0.14849749207496643,0.005715732928365469,0.00771445082500577,0.015817448496818542,0.3716261684894562,0.0031526086386293173,0.008258713409304619,0.021623676642775536,0.011942320503294468,0.0033773600589483976,GYNJLJQdcZsLCwwEAAAA3,Half Brothers
0,0.17189298570156097,0.12122591584920883,0.0030078673735260963,0.00784124992787838,0.010986569337546825,0.019663499668240547,0.17648322880268097,0.004999381024390459,0.0025281966663897038,0.017720555886626244,0.411493718624115,0.005260284058749676,0.006984411738812923,0.021401124075055122,0.016297506168484688,0.0022135861217975616,GYNNLfQw-rLWHsgEAAAAo-1,Through Our Eyes
0,0.154378741979599,0.1388661116361618,0.0025758836418390274,0.00789176020771265,0.011189357377588749,0.01944226585328579,0.17186567187309265,0.004607792943716049,0.002164368750527501,0.02003374695777893,0.41484352946281433,0.002971131354570389,0.00740433856844902,0.02306010015308857,0.015803098678588867,0.002902083331719041,GYNtG7w4K2hOXUQEAAAEH,Tig Notaro: Drawn
0,0.16507084667682648,0.16147488355636597,0.0027909933123737574,0.007340192794799805,0.011211954057216644,0.01880553923547268,0.15733659267425537,0.005060037598013878,0.0019900479819625616,0.01747177354991436,0.4015018939971924,0.004053240641951561,0.00843089073896408,0.019989633932709694,0.015440735965967178,0.0020307970698922873,GYOKCug0IxLbCDgEAAAAC-1,Music Box
0,0.20141351222991943,0.16087326407432556,0.0038026594556868076,0.010625096969306469,0.009577443823218346,0.022267289459705353,0.1405196189880371,0.006519492249935865,0.0022495375014841557,0.01576434262096882,0.3712594509124756,0.004913401789963245,0.00876582134515047,0.025767849758267403,0.010999125428497791,0.004682169761508703,GYOSUnARCGWWmcAEAAAAC,Space Jam: A New Legacy
0,0.19070640206336975,0.16005833446979523,0.0067146760411560535,0.00783685315400362,0.009466319344937801,0.019726689904928207,0.17172911763191223,0.005432180128991604,0.0075925239361822605,0.01716582663357258,0.3568762540817261,0.003685510018840432,0.00816374458372593,0.01852351240813732,0.013840116560459137,0.002481891307979822,GYOxtow3Wz8PDwgEAAAdw,The Suicide Squad
0,0.17669294774532318,0.12168703228235245,0.0030674536246806383,0.006787654012441635,0.01134139858186245,0.017427869141101837,0.16868893802165985,0.004926599562168121,0.006900144275277853,0.013943464495241642,0.4223904013633728,0.0030252488795667887,0.00685640424489975,0.025303559377789497,0.008814073167741299,0.002146805403754115,GYOykUABM3sPDwgEAAAe6-1,Back On the Record with Bob Costas
0,0.17987459897994995,0.16681478917598724,0.006193254608660936,0.008292287588119507,0.00975712388753891,0.02024204470217228,0.16318054497241974,0.007042255252599716,0.007185359485447407,0.01593337021768093,0.3643767833709717,0.0026009029243141413,0.007013554219156504,0.024983040988445282,0.013663954101502895,0.0028461061883717775,GYPByzgYje6uLKAEAAAAI-1,The Hype
0,0.2068750411272049,0.14733515679836273,0.006914681755006313,0.00704649044200778,0.0088753467425704,0.01584669202566147,0.16392676532268524,0.0046418881975114346,0.007406983058899641,0.018061649054288864,0.36709365248680115,0.0027562235482037067,0.008083670400083065,0.024419238790869713,0.007399353664368391,0.0033171444665640593,GYPXEhQg3DFbCwwEAAADm,News of the World
0,0.1872202605009079,0.12529683113098145,0.004246664699167013,0.007745956536382437,0.009609655477106571,0.021057836711406708,0.1565793752670288,0.006945792585611343,0.007946868427097797,0.01693463698029518,0.4116135239601135,0.002692835871130228,0.006204589735716581,0.020732177421450615,0.01211161445826292,0.00306133134290576,GYPbt9g14p6uLKAEAAAFI-1,Obama: In Pursuit of a More Perfect Union
0,0.1869519054889679,0.179324671626091,0.006455250084400177,0.0084113460034132,0.009775377810001373,0.017885226756334305,0.14697258174419403,0.007598919793963432,0.007365853525698185,0.015409833751618862,0.36503612995147705,0.0035093887709081173,0.0077873230911791325,0.024070871993899345,0.010641488246619701,0.0028038432355970144,GYPcMIgawIsLCwgEAAACm-1,Sweet Life: Los Angeles
0,0.19848550856113434,0.18246868252754211,0.006263322196900845,0.00849108211696148,0.009471127763390541,0.01822229102253914,0.1573803871870041,0.005828418303281069,0.008780316449701786,0.01832185499370098,0.33987879753112793,0.0031917786691337824,0.007817381992936134,0.018582655116915703,0.014037116430699825,0.002779274946078658,GYPnW_g1iBRtyswEAAABM,Furry Friends Forever: Elmo Gets a Puppy
0,0.2182183563709259,0.11328742653131485,0.006971423048526049,0.00737067312002182,0.013361483812332153,0.017199857160449028,0.2063496708869934,0.005295707378536463,0.010017333552241325,0.01513336319476366,0.338604599237442,0.004400273784995079,0.007122871465981007,0.02228211984038353,0.011565946973860264,0.002818893874064088,GYPrhpAPc62CutQEAAAAT,Promising Young Woman
0,0.18839213252067566,0.17792078852653503,0.006759849842637777,0.008803514763712883,0.009853120893239975,0.01772729679942131,0.145945206284523,0.008576448075473309,0.007444913033396006,0.015624579973518848,0.3634120523929596,0.003333001397550106,0.008250816725194454,0.02542613446712494,0.00887839961796999,0.0036517446860671043,GYQ1PRAGVlcLCJwEAAAA9,Eyes on the Prize: Hallowed Ground
0,0.20960409939289093,0.13065017759799957,0.0071278889663517475,0.00780750485137105,0.011216579005122185,0.016351787373423576,0.16323158144950867,0.005649581551551819,0.007718971464782953,0.011510170996189117,0.38474056124687195,0.0037421875167638063,0.0074277110397815704,0.021547803655266762,0.008605035953223705,0.0030683595687150955,GYQ1Ubg1g9oIfhQEAAAAw-1,Laetitia
0,0.18841207027435303,0.20135429501533508,0.005761185195297003,0.008877637796103954,0.010024662129580975,0.017406851053237915,0.1411425620317459,0.008547813631594181,0.007355149835348129,0.018052976578474045,0.34543803334236145,0.0027982976753264666,0.008779281750321388,0.021217212080955505,0.010749436914920807,0.004082561936229467,GYQBEaQwta8PCAAEAAAA-,Reminiscence
0,0.1849970817565918,0.1750200390815735,0.006411291658878326,0.008687305264174938,0.009660407900810242,0.01697787083685398,0.1476501226425171,0.008721660822629929,0.007657873909920454,0.0162114929407835,0.3679773807525635,0.004186259116977453,0.007964195683598518,0.02537798322737217,0.008357887156307697,0.004141184501349926,GYQG0vQiG4MLDwwEAAAAl,In the Same Breath
0,0.18753071129322052,0.17460043728351593,0.006524828262627125,0.008792600594460964,0.009514437057077885,0.017229126766324043,0.14831490814685822,0.008396978490054607,0.007055817171931267,0.01646166853606701,0.366095632314682,0.0035042562521994114,0.007666611112654209,0.025397110730409622,0.00879378616809845,0.00412109587341547,GYQmScwklrsJRmQEAAACG,Marlon Wayans: You Know What It Is
0,0.18808545172214508,0.1730574667453766,0.006041870452463627,0.006981994956731796,0.011518456041812897,0.01656218059360981,0.14043161273002625,0.005813720170408487,0.008496987633407116,0.012576348148286343,0.38355764746665955,0.0029251277446746826,0.007700747344642878,0.021900063380599022,0.011255564168095589,0.0030947451014071703,GYR-8XgqncLiVuQEAABZL-1,Level Playing Field
0,0.23657307028770447,0.15360026061534882,0.0063323890790343285,0.007986431941390038,0.011614026501774788,0.018355824053287506,0.15469114482402802,0.00755947595462203,0.009900595061480999,0.015680184587836266,0.3192058205604553,0.0039647663943469524,0.007063385099172592,0.025315921753644943,0.01904815249145031,0.0031085298396646976,GYR0XEAt6Q4jDwgEAAAbB-1,Scenes From a Marriage
0,0.23493842780590057,0.15497687458992004,0.0065440768375992775,0.008034306578338146,0.011943460442125797,0.018219618126749992,0.15646633505821228,0.007993431761860847,0.008173294365406036,0.015091100707650185,0.3194686770439148,0.0035527327563613653,0.006698340177536011,0.025500940158963203,0.019490884616971016,0.0029075578786432743,GYR6uuQL1d7iVuQEAAA2Z-1,Little Ellen
0,0.17959153652191162,0.13290181756019592,0.006108236499130726,0.007577766198664904,0.014105315320193768,0.01800348423421383,0.19737064838409424,0.005003933794796467,0.007862973026931286,0.012578790076076984,0.3749087452888489,0.0033244986552745104,0.008810114115476608,0.019401483237743378,0.009137062355875969,0.003313617315143347,GYRwxzQi9KriVuQEAAAdA-1,Nuclear Family
0,0.16271017491817474,0.1373014897108078,0.0065442160703241825,0.008189093321561813,0.01117942575365305,0.017573397606611252,0.14924585819244385,0.005878262687474489,0.008979501202702522,0.01409665122628212,0.42184120416641235,0.003529229434207082,0.008361044339835644,0.02588905394077301,0.015463937073946,0.003217470832169056,GYS5_UAdpo8ICYAEAAAAG,Ahir Shah: Dots
0,0.223178893327713,0.16511136293411255,0.00665292888879776,0.007300280034542084,0.012531573884189129,0.018229011446237564,0.14700452983379364,0.0051868027076125145,0.0085647813975811,0.01437839400023222,0.34787434339523315,0.0032859963830560446,0.008325598202645779,0.016699105501174927,0.012325339950621128,0.0033510494977235794,GYS_3hgKL_avCwwEAAAAe,The Many Saints of Newark
0,0.21491639316082,0.11994777619838715,0.00587503332644701,0.0075686657801270485,0.011144405230879784,0.017565617337822914,0.14657296240329742,0.006033522076904774,0.006716989912092686,0.013655358925461769,0.40723779797554016,0.0027300510555505753,0.008199948817491531,0.018657997250556946,0.00919650960713625,0.00398102356120944,GYSaKIQwrHruinAEAAABN,Malignant
0,0.18241728842258453,0.16898441314697266,0.00695009995251894,0.008876143954694271,0.008899719454348087,0.022451594471931458,0.1679970771074295,0.005950843449681997,0.010991545394062996,0.015721116214990616,0.350667268037796,0.0036556439008563757,0.008812622167170048,0.021839311346411705,0.011864149942994118,0.0039211902767419815,GYSaXpgVATMNHogEAAACz,Voyagers
0,0.17651605606079102,0.20473183691501617,0.007052583619952202,0.007507661823183298,0.012324544601142406,0.01705797016620636,0.14658604562282562,0.005081894341856241,0.009463861584663391,0.01184509601444006,0.3497128486633301,0.005248737521469593,0.007696568500250578,0.02026429772377014,0.015743592754006386,0.0031663556583225727,GYSbJuAuzchDCwgEAAAAC,Cry Macho
0,0.2537074685096741,0.11420375108718872,0.007267751730978489,0.008435618132352829,0.010777954943478107,0.020183242857456207,0.16901175677776337,0.00522070424631238,0.010719779878854752,0.014492334797978401,0.33741241693496704,0.003829134162515402,0.008803068660199642,0.023086274042725563,0.009277750737965107,0.0035710397642105818,GYUJo5gGZXiq9hAEAAAAK-1,"What Happened, Brittany Murphy?"
0,0.28161007165908813,0.11770665645599365,0.006365151144564152,0.008582659997045994,0.01368565671145916,0.018213465809822083,0.1736420840024948,0.006937762722373009,0.009661189280450344,0.01493647787719965,0.2938584089279175,0.004752673674374819,0.007188094314187765,0.02174982614815235,0.017283950001001358,0.0038259003777056932,GYUjdLgBiJp5otAEAAAAJ,Dune
0,0.2524397373199463,0.11443677544593811,0.0076471958309412,0.008179992437362671,0.011167523451149464,0.020546922460198402,0.1679570972919464,0.004982881713658571,0.010659375227987766,0.014648006297647953,0.33744198083877563,0.004187165759503841,0.008839256130158901,0.023953501135110855,0.009361296892166138,0.0035513078328222036,GYUtFLwqgKcM5ZQEAAACE,"Phoebe Robinson: Sorry, Harriet Tubman"
0,0.2522627115249634,0.11375600099563599,0.007665839046239853,0.008401136845350266,0.011185676790773869,0.020154720172286034,0.1685095578432083,0.005155492573976517,0.010805309750139713,0.014619149267673492,0.3386012613773346,0.0036852341145277023,0.008662538602948189,0.02329397387802601,0.009212924167513847,0.0040283589623868465,GYUyYEAyY8qzCVQEAAAB_-1,Aquaman: King of Atlantis
0,0.2493857443332672,0.15158842504024506,0.006642038002610207,0.008487008512020111,0.01228376105427742,0.01557005662471056,0.1418689340353012,0.004633213393390179,0.009098266251385212,0.012015482410788536,0.3410086929798126,0.003998338244855404,0.007166839670389891,0.020265135914087296,0.012278576381504536,0.0037094533909112215,GYV25Yw0KI8LDwwEAAAAJ,Ricky Velez: Here's Everything
0,0.2199743241071701,0.14247137308120728,0.006670432630926371,0.008668295107781887,0.012296505272388458,0.016259383410215378,0.14220966398715973,0.004620134364813566,0.008883754722774029,0.012629475444555283,0.3792788088321686,0.006049488205462694,0.009794262237846851,0.018829485401511192,0.00857104454189539,0.002793486462906003,GYVa1tgIVjinDwwEAAABA,8-Bit Christmas
0,0.29439347982406616,0.12888632714748383,0.006928157992660999,0.008391701616346836,0.01402607187628746,0.016274211928248405,0.1602075845003128,0.0071298424154520035,0.010246516205370426,0.015467479825019836,0.28540366888046265,0.0038583208806812763,0.007984218187630177,0.02174203097820282,0.015685703605413437,0.0033746547996997833,GYVdBnQXp5o7DOwEAAABN,Four Hours at the Capitol
0,0.24472549557685852,0.1791391223669052,0.006387366447597742,0.00791339110583067,0.010661526583135128,0.016516458243131638,0.14225706458091736,0.004544984549283981,0.009127959609031677,0.012486341409385204,0.3176065981388092,0.0049860598519444466,0.007237660698592663,0.023016326129436493,0.010187788866460323,0.0032057948410511017,GYVuAhgCT2S-ghgEAAABd,Boogie
0,0.2625492215156555,0.1804867535829544,0.007933869026601315,0.009512052871286869,0.010876821354031563,0.016734326258301735,0.1504320353269577,0.006264863535761833,0.008955619297921658,0.016428455710411072,0.27404871582984924,0.005901618395000696,0.009355837479233742,0.026286199688911438,0.011327858082950115,0.0029057564679533243,GYWbsowyn7IqTVwEAAABB,2021 Rock and Roll Hall of Fame Induction Ceremony
0,0.2141398787498474,0.24343432486057281,0.00704842759296298,0.007817260921001434,0.009103449992835522,0.015294703654944897,0.1321231871843338,0.005567919462919235,0.00890232902020216,0.013351758010685444,0.2864023447036743,0.0036597559228539467,0.008939794264733791,0.02940402738749981,0.011806744150817394,0.0030040396377444267,GYWc0ugB7BZSJlgEAAAEE-1,Hard Knocks In Season: The Indianapolis Colts
0,0.2326945662498474,0.1967393457889557,0.007032908033579588,0.009174089878797531,0.01184606458991766,0.0173676498234272,0.14656464755535126,0.006127385888248682,0.008939706720411777,0.016559408977627754,0.29669150710105896,0.0038771305698901415,0.007897415198385715,0.02577243186533451,0.008628390729427338,0.004087354522198439,GYWczZQOMHDTDwgEAAACI,Dear Rider
0,0.18610329926013947,0.2232075184583664,0.00682563753798604,0.007992011494934559,0.010922756977379322,0.014744682237505913,0.15213534235954285,0.005418194457888603,0.008504116907715797,0.015734465792775154,0.30769145488739014,0.00635838508605957,0.008587151765823364,0.02982204779982567,0.012568974867463112,0.0033839440438896418,GYXB0OgEQO5OhegEAAAAl,King Richard
0,0.21469038724899292,0.24208804965019226,0.007150260731577873,0.007511899806559086,0.009174667298793793,0.014877809211611748,0.13057899475097656,0.005822604056447744,0.009409774094820023,0.013922926038503647,0.2885647118091583,0.0037059851456433535,0.009267769753932953,0.028561115264892578,0.012046601623296738,0.0026264837943017483,GYXBzKw3n5aJmOwEAAAAE-1,The Sex Lives of College Girls
0,0.21296539902687073,0.24443639814853668,0.007097548805177212,0.007334096822887659,0.009167601354420185,0.014860924333333969,0.1304508000612259,0.005660318303853273,0.009205063804984093,0.014180528931319714,0.2872695326805115,0.0040037683211266994,0.009342174045741558,0.029174502938985825,0.012122432701289654,0.0027289078570902348,GYXBzZw5-GY53wwEAAAAG-1,Sort Of
0,0.27377572655677795,0.16529248654842377,0.007599788252264261,0.008910291828215122,0.011354413814842701,0.016845086589455605,0.1458274871110916,0.005136347375810146,0.008940012194216251,0.01518296916037798,0.29280585050582886,0.0077845086343586445,0.008299014531075954,0.021027255803346634,0.007804528810083866,0.0034142318181693554,GYXG8YwRRdr3CMAEAAAAX-1,Paradise (Paraíso)
0,0.2918187379837036,0.15604552626609802,0.007433724589645863,0.008656569756567478,0.011916580609977245,0.01790553145110607,0.1496732532978058,0.0051649645902216434,0.009094332344830036,0.013951263390481472,0.269583523273468,0.005308561027050018,0.00811865832656622,0.0331987664103508,0.008759357035160065,0.0033706962130963802,GYXG8eArMLxC-CQEAAAAh,Aida Rodriguez: Fighting Words
0,0.24655918776988983,0.19984370470046997,0.007110688369721174,0.009642710909247398,0.012273361906409264,0.017022443935275078,0.13711678981781006,0.007699398789554834,0.009572094306349754,0.015029161237180233,0.28376254439353943,0.005718301050364971,0.009842817671597004,0.021724706515669823,0.013868778012692928,0.0032133220229297876,GYXhZlwhBpMI_wwEAAAfU-1,Landscapers
0,0.2506893575191498,0.21843057870864868,0.008065907284617424,0.009658506140112877,0.013159332796931267,0.016389884054660797,0.14850352704524994,0.006563602946698666,0.009890605695545673,0.01721045933663845,0.24482212960720062,0.004744928330183029,0.00920033548027277,0.026565801352262497,0.012626372277736664,0.0034786579199135303,GYXwWXgI488PCwwEAAABC,Simple As Water
0,0.2597928047180176,0.15344874560832977,0.006530150305479765,0.008524678647518158,0.011339334771037102,0.01602012850344181,0.1354476511478424,0.004824392963200808,0.009034930728375912,0.015655504539608955,0.33322712779045105,0.004657202400267124,0.009273301810026169,0.020261241123080254,0.009231590665876865,0.0027312373276799917,GYY-44wKTppTDWgEAAAAi,The Slow Hustle
0,0.24847453832626343,0.15516889095306396,0.007112104445695877,0.008354762569069862,0.009320449084043503,0.01709602400660515,0.13338689506053925,0.005454713944345713,0.009945176541805267,0.014940516091883183,0.34220343828201294,0.005636980757117271,0.01006118394434452,0.019019266590476036,0.010980663821101189,0.0028444358613342047,GYY54mwKzHzytoQEAAAAC,Adrienne
0,0.22430063784122467,0.14328575134277344,0.007196052465587854,0.008093264885246754,0.01229911856353283,0.017076941207051277,0.14511805772781372,0.004445380065590143,0.008902482688426971,0.012484686449170113,0.3718115985393524,0.006321178749203682,0.009952004067599773,0.016487738117575645,0.00887233018875122,0.003352812258526683,GYYFRlwz9mUaeqgEAAAA6-1,Black and Missing
0,0.24856385588645935,0.15538717806339264,0.007248081732541323,0.008579537272453308,0.009554005227982998,0.017193445935845375,0.13254457712173462,0.005132786929607391,0.009907571598887444,0.015210332348942757,0.34281057119369507,0.005168550182133913,0.009691615588963032,0.019453460350632668,0.010884895920753479,0.002669607987627387,GYYLNNwzuqL64wwEAAAEK-1,Odo
0,0.24704766273498535,0.15683555603027344,0.007173480466008186,0.008437691256403923,0.009060927666723728,0.01685863733291626,0.13433603942394257,0.005483224987983704,0.00970036443322897,0.01541503332555294,0.34197843074798584,0.004912646487355232,0.00967361032962799,0.01972043700516224,0.010678038001060486,0.002688199980184436,GYYLOKAZqKcLDwgEAAAC8-1,Santa Inc.
0,0.3198263645172119,0.14996983110904694,0.006832358427345753,0.008315588347613811,0.01026209071278572,0.016480615362524986,0.14969684183597565,0.004578280728310347,0.009890135377645493,0.012358227744698524,0.2584187984466553,0.004683041013777256,0.009413028135895729,0.02277635782957077,0.013644690625369549,0.002853802405297756,GYYLgQggO0Kd9wgEAAACg,"Life of Crime, 1984-2020"
0,0.27025339007377625,0.21831245720386505,0.007398697547614574,0.008697067387402058,0.015239766798913479,0.01751028373837471,0.13697201013565063,0.005002232268452644,0.009375416673719883,0.01414064597338438,0.2385377436876297,0.0067836386151611805,0.009707378223538399,0.025101134553551674,0.014189673587679863,0.0027784176636487246,GYYxBtQFFnmbDBwEAAAAE-1,And Just Like That...
0,0.20572759211063385,0.13953755795955658,0.005753836594521999,0.006939210928976536,0.00939322728663683,0.020806273445487022,0.17335861921310425,0.004328557755798101,0.009451892226934433,0.011339215561747551,0.36765673756599426,0.009146948345005512,0.008203909732401371,0.01739201880991459,0.007632344961166382,0.003332016756758094,GYZ1SZwrtOrZElQEAAAAb-1,Somebody Somewhere
0,0.2850704789161682,0.14396920800209045,0.007223007269203663,0.009036406874656677,0.010860277339816093,0.018786141648888588,0.13074858486652374,0.004243706818670034,0.009414950385689735,0.013488796539604664,0.3075415790081024,0.00559511873871088,0.010322763584554195,0.024541903287172318,0.015846289694309235,0.0033108156640082598,GYZ1sOAtDrsN_UwEAAAAI,Reopening Night
0,0.2624468207359314,0.13800013065338135,0.006506637670099735,0.00790878664702177,0.010678746737539768,0.01693125255405903,0.13408762216567993,0.004864598158746958,0.010031783021986485,0.012688339687883854,0.34249547123908997,0.007910646498203278,0.008473792113363743,0.023031070828437805,0.011334053240716457,0.002610327210277319,GYZ1sOQOynpFErQEAAAAC-1,Murders at Starved Rock
0,0.26490047574043274,0.18183863162994385,0.007099006325006485,0.00865788385272026,0.009002099744975567,0.015081686899065971,0.14012548327445984,0.006243654061108828,0.008903625421226025,0.013677065260708332,0.28750863671302795,0.004747961647808552,0.00880517065525055,0.02426726184785366,0.01563984714448452,0.0035015838220715523,GYZLVfgyBc5fDwgEAAACB,drew michael: red blue green
0,0.2566187381744385,0.1322941929101944,0.0071066003292799,0.008810317143797874,0.009681292809545994,0.018112463876605034,0.14372757077217102,0.005987984593957663,0.008657070808112621,0.01170757319778204,0.3370179235935211,0.007591991685330868,0.008303225971758366,0.025575511157512665,0.015708476305007935,0.003099007997661829,GYZLYWQj4oyfDwwEAAACi,Street Gang: How We Got to Sesame Street
0,0.2874522805213928,0.14714550971984863,0.007638918235898018,0.009012279100716114,0.011963386088609695,0.01720578595995903,0.13827955722808838,0.005416797008365393,0.009838687255978584,0.017024997621774673,0.29245051741600037,0.0056769270449876785,0.008075861260294914,0.025866391137242317,0.013599984347820282,0.003352130763232708,GYZWoOQ6F9cLDCAEAAABP-1,Station Eleven
0,0.2859059274196625,0.1497972011566162,0.007796973921358585,0.008978676982223988,0.011887647211551666,0.01709912158548832,0.13733521103858948,0.005156961735337973,0.009711898863315582,0.01667567528784275,0.29389894008636475,0.005651440005749464,0.008104424923658371,0.02477387711405754,0.013558885082602501,0.003667120821774006,GYZWoawz5wMPDwgEAAABX-1,Finding Magic Mike
0,0.24612610042095184,0.20154869556427002,0.007635465357452631,0.010296329855918884,0.012707246467471123,0.017315620556473732,0.1340400129556656,0.007805146276950836,0.009142599068582058,0.015028669498860836,0.285412460565567,0.004598948173224926,0.009716255590319633,0.02098328061401844,0.014369338750839233,0.003273836337029934,GYZa6bQvlisLDwgEAAABn,The Forever Prisoner
0,0.28878629207611084,0.14837288856506348,0.007439856883138418,0.009318235330283642,0.012142792344093323,0.016893140971660614,0.13897478580474854,0.005421207752078772,0.009662052616477013,0.01689857803285122,0.29008930921554565,0.006096556317061186,0.008325081318616867,0.024995742365717888,0.013219228014349937,0.003364312695339322,GYa5wCwzr978VjQEAAABH,2nd Annual HA Festival: The Art of Comedy
0,0.2265845537185669,0.17239920794963837,0.006634475197643042,0.00906442292034626,0.009097353555262089,0.01816558465361595,0.1694735437631607,0.005261873826384544,0.013511388562619686,0.012767389416694641,0.3076484203338623,0.0063764071092009544,0.00773658649995923,0.021254131570458412,0.010982244275510311,0.0030424355063587427,GYabfeQrMwLqFugEAAAAC,Hitman's Wife's Bodyguard
0,0.2803371548652649,0.16419263184070587,0.006779368966817856,0.007519489154219627,0.010982763953506947,0.020283786579966545,0.18017174303531647,0.005275726784020662,0.019531432539224625,0.013293721713125706,0.23713144659996033,0.007047751918435097,0.007984692230820656,0.02225719951093197,0.014288295060396194,0.002922758925706148,GYaf79gQvPMPDwgEAAAAH,The Eyes of Tammy Faye
0,0.2689269185066223,0.12355189770460129,0.00623843539506197,0.007659389637410641,0.01324207428842783,0.020525727421045303,0.16257241368293762,0.004693436436355114,0.011003196239471436,0.012139045633375645,0.31647270917892456,0.00610313517972827,0.008201050572097301,0.02477947436273098,0.010758469812572002,0.003132639452815056,GYafcQAb_rbGrOQEAAAAp,Nobody
0,0.24176084995269775,0.12747077643871307,0.006130600348114967,0.007805643603205681,0.010965024121105671,0.020031876862049103,0.1855299174785614,0.005786928813904524,0.010906289331614971,0.01247271429747343,0.32015594840049744,0.006070973817259073,0.008394956588745117,0.023610180243849754,0.00979569274932146,0.0031115931924432516,GYb0FKQLsGIyPfQEAAAAM-1,Peacemaker
0,0.28495582938194275,0.16022568941116333,0.007150969933718443,0.009199704974889755,0.010456964373588562,0.01632598228752613,0.14151421189308167,0.004835003055632114,0.00860571302473545,0.013555838726460934,0.2881474196910858,0.006503860000520945,0.0084346579387784,0.022860556840896606,0.014063851907849312,0.0031637619249522686,GYbC_nQrGE8PCwgEAAALz-1,Chillin Island
0,0.2798357605934143,0.15372559428215027,0.007340680807828903,0.0074354298412799835,0.01066291518509388,0.020224422216415405,0.12868574261665344,0.005993644241243601,0.00977032445371151,0.01529704499989748,0.3064870834350586,0.006113837473094463,0.008057182654738426,0.020694812759757042,0.016717277467250824,0.0029582043644040823,GYbD1_wnm3mDCwgEAAAPM,The Matrix: Resurrections
0,0.2725676894187927,0.12107951939105988,0.0069145024754107,0.007389996666461229,0.010462517850100994,0.01703876629471779,0.20257478952407837,0.004342212341725826,0.00874874647706747,0.014331132173538208,0.2811005115509033,0.007694282103329897,0.00944811012595892,0.023308249190449715,0.010156722739338875,0.0028422828763723373,GYbNi9gttvUcNggEAAAHK,Insecure: The End
0,0.2714717388153076,0.1332719326019287,0.005730476696044207,0.008588137105107307,0.010632650926709175,0.016035940498113632,0.18203690648078918,0.004182495176792145,0.008347402326762676,0.013350090011954308,0.29218363761901855,0.005352013744413853,0.008497416973114014,0.02239653654396534,0.014876377768814564,0.003046229714527726,GYbOeyAqsY4qlwgEAAAGH,Beanie Mania
0,0.2514933943748474,0.11463357508182526,0.005110301077365875,0.006618869490921497,0.00948373880237341,0.01568877138197422,0.17594276368618011,0.003825427033007145,0.00866150576621294,0.011716606095433235,0.35198143124580383,0.003757840022444725,0.00790367741137743,0.018471505492925644,0.012057987973093987,0.0026525610592216253,GYbjSVgVcloHDwwEAAAJO,The Super Bob Einstein Movie
0,0.2780890464782715,0.1623615026473999,0.0066652121022343636,0.007856023497879505,0.011242031119763851,0.019623683765530586,0.18476107716560364,0.005242116283625364,0.009569613263010979,0.014625352807343006,0.24598392844200134,0.0060980357229709625,0.008019386790692806,0.02375970035791397,0.013204723596572876,0.002898452105000615,GYbzrRAvf-ZPCKQEAAAAX,Harry Potter 20th Anniversary: Return to Hogwarts
0,0.2419932335615158,0.12993808090686798,0.00633934186771512,0.008360052481293678,0.010001558810472488,0.01927761733531952,0.1794978380203247,0.005643236450850964,0.015377641655504704,0.013520711101591587,0.32178995013237,0.005201744846999645,0.008444953709840775,0.022416677325963974,0.008919096551835537,0.0032782352063804865,GYcHzowhh6MPCJwEAAAAC-1,"My Mom, Your Dad"
0,0.2616490423679352,0.15660876035690308,0.007143245078623295,0.007653876207768917,0.012211202643811703,0.02359873428940773,0.17490527033805847,0.00469678919762373,0.011800221167504787,0.013058280572295189,0.27545684576034546,0.007753540761768818,0.007030481938272715,0.02115115337073803,0.012155073694884777,0.0031274461653083563,GYdXWCAJgcpC2hwEAAAAH,Entre Nos: The Winners 2
0,0.26164886355400085,0.1566086858510971,0.007143258582800627,0.007653884589672089,0.012211193330585957,0.02359873056411743,0.17490527033805847,0.004696842283010483,0.011800212785601616,0.01305828895419836,0.2754570245742798,0.007753540761768818,0.007030497305095196,0.021151227876544,0.012155083939433098,0.0031274454668164253,GYdXWHAQ7OYudtAEAAAAC,Entre Nos: What She Said
0,0.21875405311584473,0.1170671284198761,0.006329141091555357,0.007435280364006758,0.012616812251508236,0.021009989082813263,0.18595221638679504,0.011423869989812374,0.013506929390132427,0.018522920086979866,0.33538568019866943,0.008353125303983688,0.006724877282977104,0.021204765886068344,0.012873579747974873,0.0028395610861480236,GYdyb-Q3PFLeZGAEAAAGq,Moses Storm: Trash White
